[{"id":8,"annotations":[{"id":4,"completed_by":1,"result":[{"value":{"start":"1707829200000","end":"1707894000000","instant":false,"timeserieslabels":["Bearish Normal"]},"id":"QiKvcFi84I","from_name":"label","to_name":"ts","type":"timeserieslabels","origin":"manual"},{"value":{"start":"1707872400000","end":"1707872400000","instant":true,"timeserieslabels":["Bearish Normal"]},"id":"5X2sL0_CqU","from_name":"label","to_name":"ts","type":"timeserieslabels","origin":"manual"},{"value":{"start":"1708002000000","end":"1708074000000","instant":false,"timeserieslabels":["Bullish Normal"]},"id":"30Euxd7Xns","from_name":"label","to_name":"ts","type":"timeserieslabels","origin":"manual"},{"value":{"start":"1706806800000","end":"1706860800000","instant":false,"timeserieslabels":["Bullish Normal"]},"id":"UqLtZ5Vv0j","from_name":"label","to_name":"ts","type":"timeserieslabels","origin":"manual"}],"was_cancelled":false,"ground_truth":false,"created_at":"2025-10-29T20:57:00.223679Z","updated_at":"2025-10-29T20:57:00.223716Z","draft_created_at":"2025-10-29T20:19:53.929590Z","lead_time":269.20099999999996,"prediction":{},"result_count":4,"unique_id":"36bf2077-0a39-445f-bd18-b6f93cfbd06d","import_id":null,"last_action":null,"bulk_created":false,"task":8,"project":3,"updated_by":1,"parent_prediction":null,"parent_annotation":null,"last_created_by":null}],"file_upload":"351f4d2a-EURUSD_1H_005.csv","drafts":[],"predictions":[],"data":{"csv":"\/data\/upload\/3\/351f4d2a-EURUSD_1H_005.csv"},"meta":{},"created_at":"2025-10-29T18:49:26.725439Z","updated_at":"2025-10-29T20:57:00.306699Z","inner_id":1,"total_annotations":1,"cancelled_annotations":0,"total_predictions":0,"comment_count":0,"unresolved_comment_count":0,"last_comment_updated_at":null,"project":3,"updated_by":1,"comment_authors":[]},{"id":9,"annotations":[{"id":3,"completed_by":1,"result":[{"value":{"start":"1704190200000","end":"1704193620000","instant":false,"timeserieslabels":["Bearish Normal"]},"id":"9Knu8UJLEU","from_name":"label","to_name":"ts","type":"timeserieslabels","origin":"manual"},{"value":{"start":"1704273360000","end":"1704274920000","instant":false,"timeserieslabels":["Bearish Wedge"]},"id":"QGtXw_ulTg","from_name":"label","to_name":"ts","type":"timeserieslabels","origin":"manual"},{"value":{"start":"1704369240000","end":"1704374940000","instant":false,"timeserieslabels":["Bearish Normal"]},"id":"hfVb7TV_lA","from_name":"label","to_name":"ts","type":"timeserieslabels","origin":"manual"},{"value":{"start":"1704466800000","end":"1704468960000","instant":false,"timeserieslabels":["Bullish Wedge"]},"id":"fuWgrCh80b","from_name":"label","to_name":"ts","type":"timeserieslabels","origin":"manual"},{"value":{"start":"1704668460000","end":"1704669960000","instant":false,"timeserieslabels":["Bearish Normal"]},"id":"Hc9Y0dgsmL","from_name":"label","to_name":"ts","type":"timeserieslabels","origin":"manual"},{"value":{"start":"1704701580000","end":"1704702060000","instant":false,"timeserieslabels":["Bearish Pennant"]},"id":"76Fd_FSwwT","from_name":"label","to_name":"ts","type":"timeserieslabels","origin":"manual"},{"value":{"start":"1704726840000","end":"1704729900000","instant":false,"timeserieslabels":["Bullish Normal"]},"id":"MQiRDJi8hd","from_name":"label","to_name":"ts","type":"timeserieslabels","origin":"manual"},{"value":{"start":"1704788100000","end":"1704790980000","instant":false,"timeserieslabels":["Bearish Pennant"]},"id":"vZGvkCXZmF","from_name":"label","to_name":"ts","type":"timeserieslabels","origin":"manual"},{"value":{"start":"1704791460000","end":"1704794640000","instant":false,"timeserieslabels":["Bearish Normal"]},"id":"Fx3VzjkMnO","from_name":"label","to_name":"ts","type":"timeserieslabels","origin":"manual"},{"value":{"start":"1704824880000","end":"1704827460000","instant":false,"timeserieslabels":["Bearish Normal"]},"id":"oysZDt18UE","from_name":"label","to_name":"ts","type":"timeserieslabels","origin":"manual"},{"value":{"start":"1704857640000","end":"1704858660000","instant":false,"timeserieslabels":["Bearish Pennant"]},"id":"AOZvHol2AO","from_name":"label","to_name":"ts","type":"timeserieslabels","origin":"manual"},{"value":{"start":"1704898680000","end":"1704900480000","instant":false,"timeserieslabels":["Bullish Pennant"]},"id":"SI9q8XHr7a","from_name":"label","to_name":"ts","type":"timeserieslabels","origin":"manual"},{"value":{"start":"1704903360000","end":"1704904200000","instant":false,"timeserieslabels":["Bearish Wedge"]},"id":"khojKU0pcS","from_name":"label","to_name":"ts","type":"timeserieslabels","origin":"manual"},{"value":{"start":"1704979920000","end":"1704980820000","instant":false,"timeserieslabels":["Bearish Pennant"]},"id":"lTGlOKyLKE","from_name":"label","to_name":"ts","type":"timeserieslabels","origin":"manual"},{"value":{"start":"1704987060000","end":"1704987600000","instant":false,"timeserieslabels":["Bullish Wedge"]},"id":"pwsm1pA_YX","from_name":"label","to_name":"ts","type":"timeserieslabels","origin":"manual"},{"value":{"start":"1705058700000","end":"1705062480000","instant":false,"timeserieslabels":["Bearish Wedge"]},"id":"SeAnqvsvUV","from_name":"label","to_name":"ts","type":"timeserieslabels","origin":"manual"},{"value":{"start":"1705074660000","end":"1705078560000","instant":false,"timeserieslabels":["Bearish Normal"]},"id":"s6ufuV_WYY","from_name":"label","to_name":"ts","type":"timeserieslabels","origin":"manual"},{"value":{"start":"1705070760000","end":"1705071780000","instant":false,"timeserieslabels":["Bullish Normal"]},"id":"TJiaB7LbyQ","from_name":"label","to_name":"ts","type":"timeserieslabels","origin":"manual"},{"value":{"start":"1705273260000","end":"1705276920000","instant":false,"timeserieslabels":["Bearish Normal"]},"id":"XAEkEvHqjv","from_name":"label","to_name":"ts","type":"timeserieslabels","origin":"manual"},{"value":{"start":"1705285320000","end":"1705287120000","instant":false,"timeserieslabels":["Bullish Normal"]},"id":"6fVBNfTu8j","from_name":"label","to_name":"ts","type":"timeserieslabels","origin":"manual"},{"value":{"start":"1705303080000","end":"1705304880000","instant":false,"timeserieslabels":["Bearish Wedge"]},"id":"g9liwbZdvx","from_name":"label","to_name":"ts","type":"timeserieslabels","origin":"manual"},{"value":{"start":"1705311480000","end":"1705312740000","instant":false,"timeserieslabels":["Bearish Normal"]},"id":"gvrmOOkYca","from_name":"label","to_name":"ts","type":"timeserieslabels","origin":"manual"},{"value":{"start":"1705315920000","end":"1705317840000","instant":false,"timeserieslabels":["Bullish Wedge"]},"id":"CeAureW5DU","from_name":"label","to_name":"ts","type":"timeserieslabels","origin":"manual"},{"value":{"start":"1705324080000","end":"1705327380000","instant":false,"timeserieslabels":["Bearish Normal"]},"id":"fEKfRuyVn7","from_name":"label","to_name":"ts","type":"timeserieslabels","origin":"manual"},{"value":{"start":"1705391880000","end":"1705393380000","instant":false,"timeserieslabels":["Bearish Normal"]},"id":"lG7IS7ui7N","from_name":"label","to_name":"ts","type":"timeserieslabels","origin":"manual"},{"value":{"start":"1705394160000","end":"1705395720000","instant":false,"timeserieslabels":["Bearish Wedge"]},"id":"Ph2bnUxgPF","from_name":"label","to_name":"ts","type":"timeserieslabels","origin":"manual"},{"value":{"start":"1705395900000","end":"1705397580000","instant":false,"timeserieslabels":["Bearish Normal"]},"id":"ND6dM8PEC-","from_name":"label","to_name":"ts","type":"timeserieslabels","origin":"manual"},{"value":{"start":"1705414080000","end":"1705414860000","instant":false,"timeserieslabels":["Bullish Pennant"]},"id":"5rUToqwhAc","from_name":"label","to_name":"ts","type":"timeserieslabels","origin":"manual"},{"value":{"start":"1705423080000","end":"1705424400000","instant":false,"timeserieslabels":["Bearish Normal"]},"id":"6REN9scN5F","from_name":"label","to_name":"ts","type":"timeserieslabels","origin":"manual"},{"value":{"start":"1705429020000","end":"1705429560000","instant":false,"timeserieslabels":["Bullish Wedge"]},"id":"pOOYKCRkcM","from_name":"label","to_name":"ts","type":"timeserieslabels","origin":"manual"},{"value":{"start":"1705451400000","end":"1705453920000","instant":false,"timeserieslabels":["Bullish Normal"]},"id":"yi0UZTVLlk","from_name":"label","to_name":"ts","type":"timeserieslabels","origin":"manual"},{"value":{"start":"1705461600000","end":"1705467840000","instant":false,"timeserieslabels":["Bearish Normal"]},"id":"ZUN0pJJ_fV","from_name":"label","to_name":"ts","type":"timeserieslabels","origin":"manual"},{"value":{"start":"1705481220000","end":"1705483260000","instant":false,"timeserieslabels":["Bearish Normal"]},"id":"No4ThdUxrg","from_name":"label","to_name":"ts","type":"timeserieslabels","origin":"manual"},{"value":{"start":"1705498380000","end":"1705502040000","instant":false,"timeserieslabels":["Bearish Pennant"]},"id":"2SpesZwn68","from_name":"label","to_name":"ts","type":"timeserieslabels","origin":"manual"},{"value":{"start":"1705504680000","end":"1705506420000","instant":false,"timeserieslabels":["Bearish Normal"]},"id":"mueZdh9Y89","from_name":"label","to_name":"ts","type":"timeserieslabels","origin":"manual"},{"value":{"start":"1705509720000","end":"1705513380000","instant":false,"timeserieslabels":["Bullish Normal"]},"id":"4XfczWvAvL","from_name":"label","to_name":"ts","type":"timeserieslabels","origin":"manual"},{"value":{"start":"1705572300000","end":"1705574820000","instant":false,"timeserieslabels":["Bullish Normal"]},"id":"_b7-0srXUk","from_name":"label","to_name":"ts","type":"timeserieslabels","origin":"manual"},{"value":{"start":"1705645740000","end":"1705647960000","instant":false,"timeserieslabels":["Bearish Wedge"]},"id":"kvDaJ2Fto3","from_name":"label","to_name":"ts","type":"timeserieslabels","origin":"manual"},{"value":{"start":"1705651140000","end":"1705652040000","instant":false,"timeserieslabels":["Bearish Normal"]},"id":"JHNQh03NXL","from_name":"label","to_name":"ts","type":"timeserieslabels","origin":"manual"},{"value":{"start":"1705660620000","end":"1705662360000","instant":false,"timeserieslabels":["Bullish Wedge"]},"id":"eB4e1zTeKe","from_name":"label","to_name":"ts","type":"timeserieslabels","origin":"manual"},{"value":{"start":"1705671720000","end":"1705673280000","instant":false,"timeserieslabels":["Bearish Normal"]},"id":"RfBSdtidDw","from_name":"label","to_name":"ts","type":"timeserieslabels","origin":"manual"},{"value":{"start":"1705685400000","end":"1705687500000","instant":false,"timeserieslabels":["Bullish Wedge"]},"id":"BPQmV4tyvb","from_name":"label","to_name":"ts","type":"timeserieslabels","origin":"manual"},{"value":{"start":"1705885800000","end":"1705889580000","instant":false,"timeserieslabels":["Bullish Normal"]},"id":"8zTtMRqMni","from_name":"label","to_name":"ts","type":"timeserieslabels","origin":"manual"},{"value":{"start":"1705927860000","end":"1705928760000","instant":false,"timeserieslabels":["Bearish Normal"]},"id":"UXKOuggbIx","from_name":"label","to_name":"ts","type":"timeserieslabels","origin":"manual"},{"value":{"start":"1705940760000","end":"1705942200000","instant":false,"timeserieslabels":["Bullish Pennant"]},"id":"NTMFQagQao","from_name":"label","to_name":"ts","type":"timeserieslabels","origin":"manual"},{"value":{"start":"1705942800000","end":"1705943820000","instant":false,"timeserieslabels":["Bullish Normal"]},"id":"VekIrgReec","from_name":"label","to_name":"ts","type":"timeserieslabels","origin":"manual"},{"value":{"start":"1705946520000","end":"1705947720000","instant":false,"timeserieslabels":["Bearish Normal"]},"id":"pMpfRFkIU2","from_name":"label","to_name":"ts","type":"timeserieslabels","origin":"manual"},{"value":{"start":"1706007060000","end":"1706012460000","instant":false,"timeserieslabels":["Bearish Normal"]},"id":"2F72mCYCMi","from_name":"label","to_name":"ts","type":"timeserieslabels","origin":"manual"},{"value":{"start":"1706089080000","end":"1706101020000","instant":false,"timeserieslabels":["Bearish Normal"]},"id":"7giWVIo4eE","from_name":"label","to_name":"ts","type":"timeserieslabels","origin":"manual"},{"value":{"start":"1706108400000","end":"1706119440000","instant":false,"timeserieslabels":["Bearish Normal"]},"id":"CZoi1Z29wD","from_name":"label","to_name":"ts","type":"timeserieslabels","origin":"manual"},{"value":{"start":"1706191320000","end":"1706194740000","instant":false,"timeserieslabels":["Bearish Normal"]},"id":"BZSfKppMu3","from_name":"label","to_name":"ts","type":"timeserieslabels","origin":"manual"},{"value":{"start":"1706259360000","end":"1706263260000","instant":false,"timeserieslabels":["Bullish Wedge"]},"id":"8ZylbKfUfJ","from_name":"label","to_name":"ts","type":"timeserieslabels","origin":"manual"},{"value":{"start":"1706533080000","end":"1706537160000","instant":false,"timeserieslabels":["Bearish Wedge"]},"id":"8TJV7dBCt8","from_name":"label","to_name":"ts","type":"timeserieslabels","origin":"manual"},{"value":{"start":"1706537760000","end":"1706541180000","instant":false,"timeserieslabels":["Bearish Normal"]},"id":"muQh_6ieJO","from_name":"label","to_name":"ts","type":"timeserieslabels","origin":"manual"},{"value":{"start":"1706590320000","end":"1706597220000","instant":false,"timeserieslabels":["Bullish Wedge"]},"id":"uq_2rzIb3N","from_name":"label","to_name":"ts","type":"timeserieslabels","origin":"manual"},{"value":{"start":"1706610780000","end":"1706613480000","instant":false,"timeserieslabels":["Bullish Wedge"]},"id":"pZ5YrRCsjq","from_name":"label","to_name":"ts","type":"timeserieslabels","origin":"manual"},{"value":{"start":"1706666700000","end":"1706687100000","instant":false,"timeserieslabels":["Bearish Normal"]},"id":"rbQQdX7Mz9","from_name":"label","to_name":"ts","type":"timeserieslabels","origin":"manual"},{"value":{"start":"1706694900000","end":"1706698020000","instant":false,"timeserieslabels":["Bearish Normal"]},"id":"D-Z_B16Nha","from_name":"label","to_name":"ts","type":"timeserieslabels","origin":"manual"},{"value":{"start":"1706699700000","end":"1706706600000","instant":false,"timeserieslabels":["Bullish Normal"]},"id":"33wiBzy052","from_name":"label","to_name":"ts","type":"timeserieslabels","origin":"manual"},{"value":{"start":"1706880900000","end":"1706886060000","instant":false,"timeserieslabels":["Bearish Wedge"]},"id":"mWkuF8gplA","from_name":"label","to_name":"ts","type":"timeserieslabels","origin":"manual"},{"value":{"start":"1707145200000","end":"1707147300000","instant":false,"timeserieslabels":["Bullish Normal"]},"id":"dEnlyUYSkr","from_name":"label","to_name":"ts","type":"timeserieslabels","origin":"manual"},{"value":{"start":"1707218340000","end":"1707219480000","instant":false,"timeserieslabels":["Bullish Normal"]},"id":"LLeGwR7_OR","from_name":"label","to_name":"ts","type":"timeserieslabels","origin":"manual"},{"value":{"start":"1707221220000","end":"1707222180000","instant":false,"timeserieslabels":["Bearish Pennant"]},"id":"L5l31-41e3","from_name":"label","to_name":"ts","type":"timeserieslabels","origin":"manual"},{"value":{"start":"1707223500000","end":"1707224580000","instant":false,"timeserieslabels":["Bullish Wedge"]},"id":"Oofln7nVRJ","from_name":"label","to_name":"ts","type":"timeserieslabels","origin":"manual"},{"value":{"start":"1707230820000","end":"1707231960000","instant":false,"timeserieslabels":["Bullish Normal"]},"id":"t9p4uTpQg1","from_name":"label","to_name":"ts","type":"timeserieslabels","origin":"manual"},{"value":{"start":"1707298380000","end":"1707310200000","instant":false,"timeserieslabels":["Bullish Normal"]},"id":"QAy7_12PgO","from_name":"label","to_name":"ts","type":"timeserieslabels","origin":"manual"},{"value":{"start":"1707395700000","end":"1707398880000","instant":false,"timeserieslabels":["Bullish Normal"]},"id":"Ej5jOiDMo8","from_name":"label","to_name":"ts","type":"timeserieslabels","origin":"manual"},{"value":{"start":"1707411420000","end":"1707415140000","instant":false,"timeserieslabels":["Bullish Normal"]},"id":"af8ubdNaP2","from_name":"label","to_name":"ts","type":"timeserieslabels","origin":"manual"},{"value":{"start":"1707468360000","end":"1707471300000","instant":false,"timeserieslabels":["Bearish Normal"]},"id":"owbA_giOe4","from_name":"label","to_name":"ts","type":"timeserieslabels","origin":"manual"},{"value":{"start":"1707485400000","end":"1707487620000","instant":false,"timeserieslabels":["Bullish Wedge"]},"id":"i3-TIqEqIu","from_name":"label","to_name":"ts","type":"timeserieslabels","origin":"manual"},{"value":{"start":"1707692700000","end":"1707694980000","instant":false,"timeserieslabels":["Bullish Pennant"]},"id":"dU2RR7sX57","from_name":"label","to_name":"ts","type":"timeserieslabels","origin":"manual"},{"value":{"start":"1707757560000","end":"1707760680000","instant":false,"timeserieslabels":["Bullish Wedge"]},"id":"q8ORPueYZK","from_name":"label","to_name":"ts","type":"timeserieslabels","origin":"manual"},{"value":{"start":"1708003800000","end":"1708007160000","instant":false,"timeserieslabels":["Bullish Pennant"]},"id":"L4bNcjDGUO","from_name":"label","to_name":"ts","type":"timeserieslabels","origin":"manual"}],"was_cancelled":false,"ground_truth":false,"created_at":"2025-10-29T20:56:50.450351Z","updated_at":"2025-10-29T20:56:50.450371Z","draft_created_at":"2025-10-29T20:22:04.747140Z","lead_time":2131.965,"prediction":{},"result_count":73,"unique_id":"bd3b5d87-87c2-4a79-a2c7-32695608ae94","import_id":null,"last_action":null,"bulk_created":false,"task":9,"project":3,"updated_by":1,"parent_prediction":null,"parent_annotation":null,"last_created_by":null}],"file_upload":"7175fb3f-EURUSD_1min_001.csv","drafts":[],"predictions":[],"data":{"csv":"\/data\/upload\/3\/7175fb3f-EURUSD_1min_001.csv"},"meta":{},"created_at":"2025-10-29T18:49:26.725526Z","updated_at":"2025-10-29T20:56:50.520793Z","inner_id":2,"total_annotations":1,"cancelled_annotations":0,"total_predictions":0,"comment_count":0,"unresolved_comment_count":0,"last_comment_updated_at":null,"project":3,"updated_by":1,"comment_authors":[]}]