[{"id":51,"annotations":[{"id":14,"completed_by":1,"result":[{"value":{"start":"2025-09-29 15:00","end":"2025-09-29 16:00","instant":false,"timeserieslabels":["Bearish Pennant"]},"id":"-D0m6vqkCz","from_name":"label","to_name":"ts","type":"timeserieslabels","origin":"manual"},{"value":{"start":"2025-09-26 13:55","end":"2025-09-26 15:30","instant":false,"timeserieslabels":["Bearish Wedge"]},"id":"SI5ztvm9Gu","from_name":"label","to_name":"ts","type":"timeserieslabels","origin":"manual"},{"value":{"start":"2025-09-25 13:40","end":"2025-09-25 14:45","instant":false,"timeserieslabels":["Bullish Pennant"]},"id":"WKgj_P4hnr","from_name":"label","to_name":"ts","type":"timeserieslabels","origin":"manual"}],"was_cancelled":false,"ground_truth":false,"created_at":"2025-10-30T12:09:34.313169Z","updated_at":"2025-10-30T12:09:34.313184Z","draft_created_at":"2025-10-30T11:08:17.695932Z","lead_time":115.914,"prediction":{},"result_count":3,"unique_id":"5fb7b60e-a43e-4cab-8c8e-dec2d9f3a07e","import_id":null,"last_action":null,"bulk_created":false,"task":51,"project":4,"updated_by":1,"parent_prediction":null,"parent_annotation":null,"last_created_by":null}],"file_upload":"e2ab0dd4-GSPC_2025-09-25_to_2025-09-29_5m.csv","drafts":[],"predictions":[],"data":{"csv":"\/data\/upload\/4\/e2ab0dd4-GSPC_2025-09-25_to_2025-09-29_5m.csv"},"meta":{},"created_at":"2025-10-30T11:06:57.029521Z","updated_at":"2025-10-30T12:09:34.409451Z","inner_id":1,"total_annotations":1,"cancelled_annotations":0,"total_predictions":0,"comment_count":0,"unresolved_comment_count":0,"last_comment_updated_at":null,"project":4,"updated_by":1,"comment_authors":[]},{"id":52,"annotations":[{"id":15,"completed_by":1,"result":[{"value":{"start":"2025-10-02 13:30","end":"2025-10-02 15:35","instant":false,"timeserieslabels":["Bearish Pennant"]},"id":"nwqq7x5iW8","from_name":"label","to_name":"ts","type":"timeserieslabels","origin":"manual"}],"was_cancelled":false,"ground_truth":false,"created_at":"2025-10-30T12:09:36.092011Z","updated_at":"2025-10-30T12:09:36.092025Z","draft_created_at":"2025-10-30T11:09:52.172550Z","lead_time":42.478,"prediction":{},"result_count":1,"unique_id":"88e474e4-6233-4b8e-bd4f-1885a00c7d5c","import_id":null,"last_action":null,"bulk_created":false,"task":52,"project":4,"updated_by":1,"parent_prediction":null,"parent_annotation":null,"last_created_by":null}],"file_upload":"5fc66ab1-GSPC_2025-09-30_to_2025-10-04_5m.csv","drafts":[],"predictions":[],"data":{"csv":"\/data\/upload\/4\/5fc66ab1-GSPC_2025-09-30_to_2025-10-04_5m.csv"},"meta":{},"created_at":"2025-10-30T11:06:57.029558Z","updated_at":"2025-10-30T12:09:36.190350Z","inner_id":2,"total_annotations":1,"cancelled_annotations":0,"total_predictions":0,"comment_count":0,"unresolved_comment_count":0,"last_comment_updated_at":null,"project":4,"updated_by":1,"comment_authors":[]},{"id":53,"annotations":[{"id":16,"completed_by":1,"result":[{"value":{"start":"2025-10-07 13:30","end":"2025-10-07 17:45","instant":false,"timeserieslabels":["Bearish Wedge"]},"id":"K0pfyM18Uj","from_name":"label","to_name":"ts","type":"timeserieslabels","origin":"manual"}],"was_cancelled":false,"ground_truth":false,"created_at":"2025-10-30T12:09:38.086163Z","updated_at":"2025-10-30T12:09:38.086179Z","draft_created_at":"2025-10-30T11:10:26.313687Z","lead_time":60.739999999999995,"prediction":{},"result_count":1,"unique_id":"1ab5eace-6cab-4de0-87cb-1e1c27c4a539","import_id":null,"last_action":null,"bulk_created":false,"task":53,"project":4,"updated_by":1,"parent_prediction":null,"parent_annotation":null,"last_created_by":null}],"file_upload":"83bc7272-GSPC_2025-10-05_to_2025-10-09_5m.csv","drafts":[],"predictions":[],"data":{"csv":"\/data\/upload\/4\/83bc7272-GSPC_2025-10-05_to_2025-10-09_5m.csv"},"meta":{},"created_at":"2025-10-30T11:06:57.029576Z","updated_at":"2025-10-30T12:09:38.182826Z","inner_id":3,"total_annotations":1,"cancelled_annotations":0,"total_predictions":0,"comment_count":0,"unresolved_comment_count":0,"last_comment_updated_at":null,"project":4,"updated_by":1,"comment_authors":[]},{"id":54,"annotations":[{"id":17,"completed_by":1,"result":[{"value":{"start":"2025-10-14 13:40","end":"2025-10-14 15:30","instant":false,"timeserieslabels":["Bullish Pennant"]},"id":"FtR5o3JTxr","from_name":"label","to_name":"ts","type":"timeserieslabels","origin":"manual"}],"was_cancelled":false,"ground_truth":false,"created_at":"2025-10-30T12:09:40.935593Z","updated_at":"2025-10-30T12:09:40.935609Z","draft_created_at":"2025-10-30T11:11:21.455194Z","lead_time":25.827,"prediction":{},"result_count":1,"unique_id":"2809b220-f157-4c6c-b948-c401808fd0ff","import_id":null,"last_action":null,"bulk_created":false,"task":54,"project":4,"updated_by":1,"parent_prediction":null,"parent_annotation":null,"last_created_by":null}],"file_upload":"8d723885-GSPC_2025-10-10_to_2025-10-14_5m.csv","drafts":[],"predictions":[],"data":{"csv":"\/data\/upload\/4\/8d723885-GSPC_2025-10-10_to_2025-10-14_5m.csv"},"meta":{},"created_at":"2025-10-30T11:06:57.029593Z","updated_at":"2025-10-30T12:09:41.035252Z","inner_id":4,"total_annotations":1,"cancelled_annotations":0,"total_predictions":0,"comment_count":0,"unresolved_comment_count":0,"last_comment_updated_at":null,"project":4,"updated_by":1,"comment_authors":[]},{"id":55,"annotations":[{"id":18,"completed_by":1,"result":[{"value":{"start":"2025-10-17 15:25","end":"2025-10-17 16:45","instant":false,"timeserieslabels":["Bullish Wedge"]},"id":"YYlRp5Ju20","from_name":"label","to_name":"ts","type":"timeserieslabels","origin":"manual"}],"was_cancelled":false,"ground_truth":false,"created_at":"2025-10-30T12:09:43.025062Z","updated_at":"2025-10-30T12:09:43.025078Z","draft_created_at":"2025-10-30T11:11:56.686026Z","lead_time":36.160000000000004,"prediction":{},"result_count":1,"unique_id":"8f5583d9-7b5c-4755-8247-941e61e595d1","import_id":null,"last_action":null,"bulk_created":false,"task":55,"project":4,"updated_by":1,"parent_prediction":null,"parent_annotation":null,"last_created_by":null}],"file_upload":"a4551e6c-GSPC_2025-10-15_to_2025-10-19_5m.csv","drafts":[],"predictions":[],"data":{"csv":"\/data\/upload\/4\/a4551e6c-GSPC_2025-10-15_to_2025-10-19_5m.csv"},"meta":{},"created_at":"2025-10-30T11:06:57.029609Z","updated_at":"2025-10-30T12:09:43.123818Z","inner_id":5,"total_annotations":1,"cancelled_annotations":0,"total_predictions":0,"comment_count":0,"unresolved_comment_count":0,"last_comment_updated_at":null,"project":4,"updated_by":1,"comment_authors":[]},{"id":56,"annotations":[{"id":19,"completed_by":1,"result":[{"value":{"start":"2025-10-20 13:55","end":"2025-10-20 16:45","instant":false,"timeserieslabels":["Bullish Normal"]},"id":"xlYiIgG6wb","from_name":"label","to_name":"ts","type":"timeserieslabels","origin":"manual"},{"value":{"start":"2025-10-21 14:25","end":"2025-10-21 15:45","instant":false,"timeserieslabels":["Bullish Wedge"]},"id":"i-jFmP5hE3","from_name":"label","to_name":"ts","type":"timeserieslabels","origin":"manual"}],"was_cancelled":false,"ground_truth":false,"created_at":"2025-10-30T12:09:45.274609Z","updated_at":"2025-10-30T12:09:45.274624Z","draft_created_at":"2025-10-30T11:12:13.524799Z","lead_time":32.124,"prediction":{},"result_count":2,"unique_id":"5b9ecc9c-0b87-46ef-940c-456fd679a021","import_id":null,"last_action":null,"bulk_created":false,"task":56,"project":4,"updated_by":1,"parent_prediction":null,"parent_annotation":null,"last_created_by":null}],"file_upload":"d52bf135-GSPC_2025-10-20_to_2025-10-24_5m.csv","drafts":[],"predictions":[],"data":{"csv":"\/data\/upload\/4\/d52bf135-GSPC_2025-10-20_to_2025-10-24_5m.csv"},"meta":{},"created_at":"2025-10-30T11:06:57.029625Z","updated_at":"2025-10-30T12:09:45.373065Z","inner_id":6,"total_annotations":1,"cancelled_annotations":0,"total_predictions":0,"comment_count":0,"unresolved_comment_count":0,"last_comment_updated_at":null,"project":4,"updated_by":1,"comment_authors":[]},{"id":58,"annotations":[{"id":20,"completed_by":1,"result":[{"value":{"start":"2025-09-08 15:55","end":"2025-09-08 19:00","instant":false,"timeserieslabels":["Bearish Wedge"]},"id":"nEAtPXKeQR","from_name":"label","to_name":"ts","type":"timeserieslabels","origin":"manual"},{"value":{"start":"2025-09-09 14:10","end":"2025-09-09 15:45","instant":false,"timeserieslabels":["Bearish Pennant"]},"id":"9fwc9r2DsQ","from_name":"label","to_name":"ts","type":"timeserieslabels","origin":"manual"}],"was_cancelled":false,"ground_truth":false,"created_at":"2025-10-30T12:09:49.302257Z","updated_at":"2025-10-30T12:09:49.302272Z","draft_created_at":"2025-10-30T11:14:24.582521Z","lead_time":59.174,"prediction":{},"result_count":2,"unique_id":"67602876-1142-4b11-9726-67d0fffad11b","import_id":null,"last_action":null,"bulk_created":false,"task":58,"project":4,"updated_by":1,"parent_prediction":null,"parent_annotation":null,"last_created_by":null}],"file_upload":"46c4da83-NDX_2025-09-05_to_2025-09-09_5m.csv","drafts":[],"predictions":[],"data":{"csv":"\/data\/upload\/4\/46c4da83-NDX_2025-09-05_to_2025-09-09_5m.csv"},"meta":{},"created_at":"2025-10-30T11:06:57.029656Z","updated_at":"2025-10-30T12:09:49.399113Z","inner_id":8,"total_annotations":1,"cancelled_annotations":0,"total_predictions":0,"comment_count":0,"unresolved_comment_count":0,"last_comment_updated_at":null,"project":4,"updated_by":1,"comment_authors":[]},{"id":59,"annotations":[{"id":21,"completed_by":1,"result":[{"value":{"start":"2025-09-12 14:10","end":"2025-09-12 16:15","instant":false,"timeserieslabels":["Bullish Normal"]},"id":"MtuQsj_Ojg","from_name":"label","to_name":"ts","type":"timeserieslabels","origin":"manual"},{"value":{"start":"2025-09-11 13:40","end":"2025-09-11 14:25","instant":false,"timeserieslabels":["Bullish Wedge"]},"id":"4BwO6TTZwn","from_name":"label","to_name":"ts","type":"timeserieslabels","origin":"manual"}],"was_cancelled":false,"ground_truth":false,"created_at":"2025-10-30T12:09:52.710288Z","updated_at":"2025-10-30T12:09:52.710304Z","draft_created_at":"2025-10-30T11:15:07.675987Z","lead_time":41.849,"prediction":{},"result_count":2,"unique_id":"96d249e0-b7e7-4b4a-aa8c-77fbce74722c","import_id":null,"last_action":null,"bulk_created":false,"task":59,"project":4,"updated_by":1,"parent_prediction":null,"parent_annotation":null,"last_created_by":null}],"file_upload":"ad300f4b-NDX_2025-09-10_to_2025-09-14_5m.csv","drafts":[],"predictions":[],"data":{"csv":"\/data\/upload\/4\/ad300f4b-NDX_2025-09-10_to_2025-09-14_5m.csv"},"meta":{},"created_at":"2025-10-30T11:06:57.029672Z","updated_at":"2025-10-30T12:09:52.807067Z","inner_id":9,"total_annotations":1,"cancelled_annotations":0,"total_predictions":0,"comment_count":0,"unresolved_comment_count":0,"last_comment_updated_at":null,"project":4,"updated_by":1,"comment_authors":[]},{"id":60,"annotations":[{"id":22,"completed_by":1,"result":[{"value":{"start":"2025-09-18 13:45","end":"2025-09-18 17:05","instant":false,"timeserieslabels":["Bullish Normal"]},"id":"uWvDyjmGsn","from_name":"label","to_name":"ts","type":"timeserieslabels","origin":"manual"}],"was_cancelled":false,"ground_truth":false,"created_at":"2025-10-30T12:09:55.443009Z","updated_at":"2025-10-30T12:09:55.443023Z","draft_created_at":"2025-10-30T11:15:47.963100Z","lead_time":27.904,"prediction":{},"result_count":1,"unique_id":"93ca36f2-227b-471d-91ee-e912fb0a90c1","import_id":null,"last_action":null,"bulk_created":false,"task":60,"project":4,"updated_by":1,"parent_prediction":null,"parent_annotation":null,"last_created_by":null}],"file_upload":"965fd2a7-NDX_2025-09-15_to_2025-09-19_5m.csv","drafts":[],"predictions":[],"data":{"csv":"\/data\/upload\/4\/965fd2a7-NDX_2025-09-15_to_2025-09-19_5m.csv"},"meta":{},"created_at":"2025-10-30T11:06:57.029688Z","updated_at":"2025-10-30T12:09:55.540029Z","inner_id":10,"total_annotations":1,"cancelled_annotations":0,"total_predictions":0,"comment_count":0,"unresolved_comment_count":0,"last_comment_updated_at":null,"project":4,"updated_by":1,"comment_authors":[]},{"id":61,"annotations":[{"id":23,"completed_by":1,"result":[{"value":{"start":"2025-09-23 16:45","end":"2025-09-23 19:30","instant":false,"timeserieslabels":["Bearish Pennant"]},"id":"Bsyj1iOAxo","from_name":"label","to_name":"ts","type":"timeserieslabels","origin":"manual"},{"value":{"start":"2025-09-24 15:20","end":"2025-09-24 17:15","instant":false,"timeserieslabels":["Bearish Wedge"]},"id":"Ni0EjLNq1Y","from_name":"label","to_name":"ts","type":"timeserieslabels","origin":"manual"}],"was_cancelled":false,"ground_truth":false,"created_at":"2025-10-30T12:09:57.558091Z","updated_at":"2025-10-30T12:09:57.558106Z","draft_created_at":"2025-10-30T11:16:10.067392Z","lead_time":34.085,"prediction":{},"result_count":2,"unique_id":"a7f7557a-b76c-4ab3-8ee8-c4ff5eed104b","import_id":null,"last_action":null,"bulk_created":false,"task":61,"project":4,"updated_by":1,"parent_prediction":null,"parent_annotation":null,"last_created_by":null}],"file_upload":"0c5b8d33-NDX_2025-09-20_to_2025-09-24_5m.csv","drafts":[],"predictions":[],"data":{"csv":"\/data\/upload\/4\/0c5b8d33-NDX_2025-09-20_to_2025-09-24_5m.csv"},"meta":{},"created_at":"2025-10-30T11:06:57.029704Z","updated_at":"2025-10-30T12:09:57.656894Z","inner_id":11,"total_annotations":1,"cancelled_annotations":0,"total_predictions":0,"comment_count":0,"unresolved_comment_count":0,"last_comment_updated_at":null,"project":4,"updated_by":1,"comment_authors":[]},{"id":62,"annotations":[{"id":24,"completed_by":1,"result":[{"value":{"start":"2025-09-25 18:00","end":"2025-09-25 19:50","instant":false,"timeserieslabels":["Bullish Normal"]},"id":"Ss1iY6wIkh","from_name":"label","to_name":"ts","type":"timeserieslabels","origin":"manual"},{"value":{"start":"2025-09-26 13:55","end":"2025-09-26 16:00","instant":false,"timeserieslabels":["Bearish Normal"]},"id":"4i8tQm4E-e","from_name":"label","to_name":"ts","type":"timeserieslabels","origin":"manual"},{"value":{"start":"2025-09-29 14:25","end":"2025-09-29 17:40","instant":false,"timeserieslabels":["Bearish Pennant"]},"id":"2I4VDfeS1K","from_name":"label","to_name":"ts","type":"timeserieslabels","origin":"manual"}],"was_cancelled":false,"ground_truth":false,"created_at":"2025-10-30T12:09:59.163641Z","updated_at":"2025-10-30T12:09:59.163658Z","draft_created_at":"2025-10-30T11:16:40.810591Z","lead_time":45.755,"prediction":{},"result_count":3,"unique_id":"f1684cf8-68e8-4596-ab08-59dc1732dffa","import_id":null,"last_action":null,"bulk_created":false,"task":62,"project":4,"updated_by":1,"parent_prediction":null,"parent_annotation":null,"last_created_by":null}],"file_upload":"5b28d5e0-NDX_2025-09-25_to_2025-09-29_5m.csv","drafts":[],"predictions":[],"data":{"csv":"\/data\/upload\/4\/5b28d5e0-NDX_2025-09-25_to_2025-09-29_5m.csv"},"meta":{},"created_at":"2025-10-30T11:06:57.029720Z","updated_at":"2025-10-30T12:09:59.255851Z","inner_id":12,"total_annotations":1,"cancelled_annotations":0,"total_predictions":0,"comment_count":0,"unresolved_comment_count":0,"last_comment_updated_at":null,"project":4,"updated_by":1,"comment_authors":[]},{"id":63,"annotations":[{"id":25,"completed_by":1,"result":[{"value":{"start":"2025-10-01 13:45","end":"2025-10-01 16:05","instant":false,"timeserieslabels":["Bullish Pennant"]},"id":"5JDpGWf3pi","from_name":"label","to_name":"ts","type":"timeserieslabels","origin":"manual"}],"was_cancelled":false,"ground_truth":false,"created_at":"2025-10-30T12:10:00.972289Z","updated_at":"2025-10-30T12:10:00.972303Z","draft_created_at":"2025-10-30T11:17:26.323458Z","lead_time":20.652,"prediction":{},"result_count":1,"unique_id":"9b1f89c5-2685-47c7-8f3b-d3ef20ff743d","import_id":null,"last_action":null,"bulk_created":false,"task":63,"project":4,"updated_by":1,"parent_prediction":null,"parent_annotation":null,"last_created_by":null}],"file_upload":"7e40ed14-NDX_2025-09-30_to_2025-10-04_5m.csv","drafts":[],"predictions":[],"data":{"csv":"\/data\/upload\/4\/7e40ed14-NDX_2025-09-30_to_2025-10-04_5m.csv"},"meta":{},"created_at":"2025-10-30T11:06:57.029735Z","updated_at":"2025-10-30T12:10:01.066126Z","inner_id":13,"total_annotations":1,"cancelled_annotations":0,"total_predictions":0,"comment_count":0,"unresolved_comment_count":0,"last_comment_updated_at":null,"project":4,"updated_by":1,"comment_authors":[]},{"id":64,"annotations":[{"id":26,"completed_by":1,"result":[{"value":{"start":"2025-10-07 14:15","end":"2025-10-07 19:15","instant":false,"timeserieslabels":["Bearish Pennant"]},"id":"KmPgeF_QLc","from_name":"label","to_name":"ts","type":"timeserieslabels","origin":"manual"}],"was_cancelled":false,"ground_truth":false,"created_at":"2025-10-30T12:10:02.802306Z","updated_at":"2025-10-30T12:10:02.802322Z","draft_created_at":"2025-10-30T11:17:42.161199Z","lead_time":16.381999999999998,"prediction":{},"result_count":1,"unique_id":"8e0b8a5c-f2a8-4ee8-a676-a6cc79f694b6","import_id":null,"last_action":null,"bulk_created":false,"task":64,"project":4,"updated_by":1,"parent_prediction":null,"parent_annotation":null,"last_created_by":null}],"file_upload":"7644073a-NDX_2025-10-05_to_2025-10-09_5m.csv","drafts":[],"predictions":[],"data":{"csv":"\/data\/upload\/4\/7644073a-NDX_2025-10-05_to_2025-10-09_5m.csv"},"meta":{},"created_at":"2025-10-30T11:06:57.029751Z","updated_at":"2025-10-30T12:10:02.897458Z","inner_id":14,"total_annotations":1,"cancelled_annotations":0,"total_predictions":0,"comment_count":0,"unresolved_comment_count":0,"last_comment_updated_at":null,"project":4,"updated_by":1,"comment_authors":[]},{"id":67,"annotations":[{"id":27,"completed_by":1,"result":[{"value":{"start":"2025-10-20 14:15","end":"2025-10-20 15:50","instant":false,"timeserieslabels":["Bullish Pennant"]},"id":"U_y2M9LAs2","from_name":"label","to_name":"ts","type":"timeserieslabels","origin":"manual"}],"was_cancelled":false,"ground_truth":false,"created_at":"2025-10-30T12:10:18.878811Z","updated_at":"2025-10-30T12:10:18.878827Z","draft_created_at":null,"lead_time":9.543,"prediction":{},"result_count":1,"unique_id":"36703021-98d2-4083-b9a0-064bd73dea9b","import_id":null,"last_action":null,"bulk_created":false,"task":67,"project":4,"updated_by":1,"parent_prediction":null,"parent_annotation":null,"last_created_by":null}],"file_upload":"21391a7c-NDX_2025-10-20_to_2025-10-24_5m.csv","drafts":[],"predictions":[],"data":{"csv":"\/data\/upload\/4\/21391a7c-NDX_2025-10-20_to_2025-10-24_5m.csv"},"meta":{},"created_at":"2025-10-30T11:06:57.029797Z","updated_at":"2025-10-30T12:10:18.974540Z","inner_id":17,"total_annotations":1,"cancelled_annotations":0,"total_predictions":0,"comment_count":0,"unresolved_comment_count":0,"last_comment_updated_at":null,"project":4,"updated_by":1,"comment_authors":[]},{"id":96,"annotations":[{"id":1,"completed_by":1,"result":[],"was_cancelled":false,"ground_truth":false,"created_at":"2025-10-30T12:08:34.215623Z","updated_at":"2025-10-30T12:08:34.215639Z","draft_created_at":null,"lead_time":0.59,"prediction":{},"result_count":0,"unique_id":"b08810dd-ee1e-470f-a08d-43d51ed0cae4","import_id":null,"last_action":null,"bulk_created":false,"task":96,"project":4,"updated_by":1,"parent_prediction":null,"parent_annotation":null,"last_created_by":null}],"file_upload":"fda2321d-GDAXI_2025-09-25_to_2025-09-29_5m.csv","drafts":[],"predictions":[],"data":{"csv":"\/data\/upload\/4\/fda2321d-GDAXI_2025-09-25_to_2025-09-29_5m.csv"},"meta":{},"created_at":"2025-10-30T11:06:57.030243Z","updated_at":"2025-10-30T12:08:34.304550Z","inner_id":46,"total_annotations":1,"cancelled_annotations":0,"total_predictions":0,"comment_count":0,"unresolved_comment_count":0,"last_comment_updated_at":null,"project":4,"updated_by":1,"comment_authors":[]},{"id":107,"annotations":[{"id":13,"completed_by":1,"result":[{"value":{"start":"2025-09-23 16:55","end":"2025-09-23 18:30","instant":false,"timeserieslabels":["Bearish Normal"]},"id":"GPrrxFU5g_","from_name":"label","to_name":"ts","type":"timeserieslabels","origin":"manual"}],"was_cancelled":false,"ground_truth":false,"created_at":"2025-10-30T12:09:28.505130Z","updated_at":"2025-10-30T12:09:28.505145Z","draft_created_at":"2025-10-30T12:08:17.205945Z","lead_time":13.338999999999999,"prediction":{},"result_count":1,"unique_id":"68a6f0d5-60fe-4a63-923c-5fe7d060b75f","import_id":null,"last_action":null,"bulk_created":false,"task":107,"project":4,"updated_by":1,"parent_prediction":null,"parent_annotation":null,"last_created_by":null}],"file_upload":"00102b67-GSPC_2025-09-20_to_2025-09-24_5m.csv","drafts":[],"predictions":[],"data":{"csv":"\/data\/upload\/4\/00102b67-GSPC_2025-09-20_to_2025-09-24_5m.csv"},"meta":{},"created_at":"2025-10-30T11:06:57.030443Z","updated_at":"2025-10-30T12:09:28.602563Z","inner_id":57,"total_annotations":1,"cancelled_annotations":0,"total_predictions":0,"comment_count":0,"unresolved_comment_count":0,"last_comment_updated_at":null,"project":4,"updated_by":1,"comment_authors":[]},{"id":108,"annotations":[{"id":12,"completed_by":1,"result":[{"value":{"start":"2025-09-09 10:30","end":"2025-09-09 12:10","instant":false,"timeserieslabels":["Bearish Pennant"]},"id":"eXg5j3IOmY","from_name":"label","to_name":"ts","type":"timeserieslabels","origin":"manual"},{"value":{"start":"2025-09-08 12:40","end":"2025-09-08 14:05","instant":false,"timeserieslabels":["Bullish Wedge"]},"id":"KY87cIwttd","from_name":"label","to_name":"ts","type":"timeserieslabels","origin":"manual"},{"value":{"start":"2025-09-08 17:50","end":"2025-09-08 21:20","instant":false,"timeserieslabels":["Bullish Wedge"]},"id":"04BV2nNLu9","from_name":"label","to_name":"ts","type":"timeserieslabels","origin":"manual"},{"value":{"start":"2025-09-05 11:45","end":"2025-09-05 13:15","instant":false,"timeserieslabels":["Bullish Normal"]},"id":"Pxb9bzSZmK","from_name":"label","to_name":"ts","type":"timeserieslabels","origin":"manual"}],"was_cancelled":false,"ground_truth":false,"created_at":"2025-10-30T12:09:26.037598Z","updated_at":"2025-10-30T12:09:26.037612Z","draft_created_at":"2025-10-30T12:07:38.699932Z","lead_time":48.311,"prediction":{},"result_count":4,"unique_id":"7f567f7a-28a5-4f3b-b158-6c04eac37c70","import_id":null,"last_action":null,"bulk_created":false,"task":108,"project":4,"updated_by":1,"parent_prediction":null,"parent_annotation":null,"last_created_by":null}],"file_upload":"a56effac-EURUSDX_2025-09-05_to_2025-09-09_5m.csv","drafts":[],"predictions":[],"data":{"csv":"\/data\/upload\/4\/a56effac-EURUSDX_2025-09-05_to_2025-09-09_5m.csv"},"meta":{},"created_at":"2025-10-30T11:19:56.494193Z","updated_at":"2025-10-30T12:09:26.136908Z","inner_id":58,"total_annotations":1,"cancelled_annotations":0,"total_predictions":0,"comment_count":0,"unresolved_comment_count":0,"last_comment_updated_at":null,"project":4,"updated_by":1,"comment_authors":[]},{"id":109,"annotations":[{"id":11,"completed_by":1,"result":[{"value":{"start":"2025-09-11 12:50","end":"2025-09-11 13:35","instant":false,"timeserieslabels":["Bullish Normal"]},"id":"DNoX-qoNH3","from_name":"label","to_name":"ts","type":"timeserieslabels","origin":"manual"},{"value":{"start":"2025-09-11 12:15","end":"2025-09-11 12:50","instant":false,"timeserieslabels":["Bullish Normal"]},"id":"ppnpmndR8W","from_name":"label","to_name":"ts","type":"timeserieslabels","origin":"manual"},{"value":{"start":"2025-09-11 12:25","end":"2025-09-11 17:10","instant":false,"timeserieslabels":["Bullish Wedge"]},"id":"4NJPgDW9_t","from_name":"label","to_name":"ts","type":"timeserieslabels","origin":"manual"},{"value":{"start":"2025-09-10 06:45","end":"2025-09-10 07:15","instant":false,"timeserieslabels":["Bearish Normal"]},"id":"slGlnrTtZ8","from_name":"label","to_name":"ts","type":"timeserieslabels","origin":"manual"}],"was_cancelled":false,"ground_truth":false,"created_at":"2025-10-30T12:09:23.885733Z","updated_at":"2025-10-30T12:09:23.885749Z","draft_created_at":"2025-10-30T12:06:07.034717Z","lead_time":89.846,"prediction":{},"result_count":4,"unique_id":"dd5659e4-2b5e-47f6-8480-926540af68b1","import_id":null,"last_action":null,"bulk_created":false,"task":109,"project":4,"updated_by":1,"parent_prediction":null,"parent_annotation":null,"last_created_by":null}],"file_upload":"df5ff8f3-EURUSDX_2025-09-10_to_2025-09-14_5m.csv","drafts":[],"predictions":[],"data":{"csv":"\/data\/upload\/4\/df5ff8f3-EURUSDX_2025-09-10_to_2025-09-14_5m.csv"},"meta":{},"created_at":"2025-10-30T11:19:56.494230Z","updated_at":"2025-10-30T12:09:23.986191Z","inner_id":59,"total_annotations":1,"cancelled_annotations":0,"total_predictions":0,"comment_count":0,"unresolved_comment_count":0,"last_comment_updated_at":null,"project":4,"updated_by":1,"comment_authors":[]},{"id":110,"annotations":[{"id":10,"completed_by":1,"result":[{"value":{"start":"2025-09-17 18:00","end":"2025-09-17 20:45","instant":false,"timeserieslabels":["Bearish Pennant"]},"id":"LTb4yX9rkJ","from_name":"label","to_name":"ts","type":"timeserieslabels","origin":"manual"},{"value":{"start":"2025-09-18 11:00","end":"2025-09-18 16:40","instant":false,"timeserieslabels":["Bearish Wedge"]},"id":"pT2ih0uCiF","from_name":"label","to_name":"ts","type":"timeserieslabels","origin":"manual"},{"value":{"start":"2025-09-16 13:00","end":"2025-09-16 16:05","instant":false,"timeserieslabels":["Bullish Normal"]},"id":"7ohQCQGWFb","from_name":"label","to_name":"ts","type":"timeserieslabels","origin":"manual"},{"value":{"start":"2025-09-18 06:10","end":"2025-09-18 09:20","instant":false,"timeserieslabels":["Bullish Normal"]},"id":"x-_0ilAaSW","from_name":"label","to_name":"ts","type":"timeserieslabels","origin":"manual"}],"was_cancelled":false,"ground_truth":false,"created_at":"2025-10-30T12:09:21.617302Z","updated_at":"2025-10-30T12:09:21.617317Z","draft_created_at":"2025-10-30T11:29:08.120197Z","lead_time":2226.17,"prediction":{},"result_count":4,"unique_id":"13206e29-4bdf-4dff-87d0-48466a385280","import_id":null,"last_action":null,"bulk_created":false,"task":110,"project":4,"updated_by":1,"parent_prediction":null,"parent_annotation":null,"last_created_by":null}],"file_upload":"04afb989-EURUSDX_2025-09-15_to_2025-09-19_5m.csv","drafts":[],"predictions":[],"data":{"csv":"\/data\/upload\/4\/04afb989-EURUSDX_2025-09-15_to_2025-09-19_5m.csv"},"meta":{},"created_at":"2025-10-30T11:19:56.494248Z","updated_at":"2025-10-30T12:09:21.716412Z","inner_id":60,"total_annotations":1,"cancelled_annotations":0,"total_predictions":0,"comment_count":0,"unresolved_comment_count":0,"last_comment_updated_at":null,"project":4,"updated_by":1,"comment_authors":[]},{"id":112,"annotations":[{"id":9,"completed_by":1,"result":[{"value":{"start":"2025-09-25 12:20","end":"2025-09-25 13:50","instant":false,"timeserieslabels":["Bearish Normal"]},"id":"Qums7ISjkH","from_name":"label","to_name":"ts","type":"timeserieslabels","origin":"manual"},{"value":{"start":"2025-09-25 12:15","end":"2025-09-25 18:15","instant":false,"timeserieslabels":["Bearish Pennant"]},"id":"VVyIrK-qua","from_name":"label","to_name":"ts","type":"timeserieslabels","origin":"manual"},{"value":{"start":"2025-09-29 11:45","end":"2025-09-29 12:35","instant":false,"timeserieslabels":["Bullish Normal"]},"id":"3q2jcSm3rb","from_name":"label","to_name":"ts","type":"timeserieslabels","origin":"manual"}],"was_cancelled":false,"ground_truth":false,"created_at":"2025-10-30T12:09:17.929433Z","updated_at":"2025-10-30T12:09:17.929448Z","draft_created_at":"2025-10-30T11:27:51.536751Z","lead_time":59.591,"prediction":{},"result_count":3,"unique_id":"4cec246a-6420-49b8-b344-2414e94466fa","import_id":null,"last_action":null,"bulk_created":false,"task":112,"project":4,"updated_by":1,"parent_prediction":null,"parent_annotation":null,"last_created_by":null}],"file_upload":"53d16945-EURUSDX_2025-09-25_to_2025-09-29_5m.csv","drafts":[],"predictions":[],"data":{"csv":"\/data\/upload\/4\/53d16945-EURUSDX_2025-09-25_to_2025-09-29_5m.csv"},"meta":{},"created_at":"2025-10-30T11:19:56.494281Z","updated_at":"2025-10-30T12:09:18.025381Z","inner_id":62,"total_annotations":1,"cancelled_annotations":0,"total_predictions":0,"comment_count":0,"unresolved_comment_count":0,"last_comment_updated_at":null,"project":4,"updated_by":1,"comment_authors":[]},{"id":113,"annotations":[{"id":8,"completed_by":1,"result":[{"value":{"start":"2025-10-01 07:15","end":"2025-10-01 08:55","instant":false,"timeserieslabels":["Bearish Normal"]},"id":"y3M7sPd64E","from_name":"label","to_name":"ts","type":"timeserieslabels","origin":"manual"},{"value":{"start":"2025-10-01 12:05","end":"2025-10-01 13:40","instant":false,"timeserieslabels":["Bearish Pennant"]},"id":"2SDJ5qcpA7","from_name":"label","to_name":"ts","type":"timeserieslabels","origin":"manual"},{"value":{"start":"2025-09-30 15:25","end":"2025-09-30 17:35","instant":false,"timeserieslabels":["Bullish Pennant"]},"id":"Tpi08J-SJo","from_name":"label","to_name":"ts","type":"timeserieslabels","origin":"manual"}],"was_cancelled":false,"ground_truth":false,"created_at":"2025-10-30T12:09:16.010645Z","updated_at":"2025-10-30T12:09:16.010662Z","draft_created_at":"2025-10-30T11:27:02.870489Z","lead_time":54.726,"prediction":{},"result_count":3,"unique_id":"619b8ce4-f586-4768-bc65-9bb2e139ad87","import_id":null,"last_action":null,"bulk_created":false,"task":113,"project":4,"updated_by":1,"parent_prediction":null,"parent_annotation":null,"last_created_by":null}],"file_upload":"3a109470-EURUSDX_2025-09-30_to_2025-10-04_5m.csv","drafts":[],"predictions":[],"data":{"csv":"\/data\/upload\/4\/3a109470-EURUSDX_2025-09-30_to_2025-10-04_5m.csv"},"meta":{},"created_at":"2025-10-30T11:19:56.494297Z","updated_at":"2025-10-30T12:09:16.107303Z","inner_id":63,"total_annotations":1,"cancelled_annotations":0,"total_predictions":0,"comment_count":0,"unresolved_comment_count":0,"last_comment_updated_at":null,"project":4,"updated_by":1,"comment_authors":[]},{"id":114,"annotations":[{"id":7,"completed_by":1,"result":[{"value":{"start":"2025-10-06 07:35","end":"2025-10-06 10:05","instant":false,"timeserieslabels":["Bearish Pennant"]},"id":"y-SMIT__f3","from_name":"label","to_name":"ts","type":"timeserieslabels","origin":"manual"},{"value":{"start":"2025-10-08 09:55","end":"2025-10-08 12:05","instant":false,"timeserieslabels":["Bullish Pennant"]},"id":"G5cAeGEgGT","from_name":"label","to_name":"ts","type":"timeserieslabels","origin":"manual"}],"was_cancelled":false,"ground_truth":false,"created_at":"2025-10-30T12:09:14.357991Z","updated_at":"2025-10-30T12:09:14.358007Z","draft_created_at":"2025-10-30T11:26:04.837363Z","lead_time":47.17,"prediction":{},"result_count":2,"unique_id":"c24e0ebe-6061-4299-869b-9489253e9acc","import_id":null,"last_action":null,"bulk_created":false,"task":114,"project":4,"updated_by":1,"parent_prediction":null,"parent_annotation":null,"last_created_by":null}],"file_upload":"c791ae0a-EURUSDX_2025-10-05_to_2025-10-09_5m.csv","drafts":[],"predictions":[],"data":{"csv":"\/data\/upload\/4\/c791ae0a-EURUSDX_2025-10-05_to_2025-10-09_5m.csv"},"meta":{},"created_at":"2025-10-30T11:19:56.494313Z","updated_at":"2025-10-30T12:09:14.456908Z","inner_id":64,"total_annotations":1,"cancelled_annotations":0,"total_predictions":0,"comment_count":0,"unresolved_comment_count":0,"last_comment_updated_at":null,"project":4,"updated_by":1,"comment_authors":[]},{"id":115,"annotations":[{"id":6,"completed_by":1,"result":[{"value":{"start":"2025-10-10 14:45","end":"2025-10-10 17:05","instant":false,"timeserieslabels":["Bullish Wedge"]},"id":"UdsDOlZnUb","from_name":"label","to_name":"ts","type":"timeserieslabels","origin":"manual"},{"value":{"start":"2025-10-13 06:35","end":"2025-10-13 10:20","instant":false,"timeserieslabels":["Bearish Pennant"]},"id":"4Gy3oPBlg9","from_name":"label","to_name":"ts","type":"timeserieslabels","origin":"manual"},{"value":{"start":"2025-10-14 07:20","end":"2025-10-14 08:25","instant":false,"timeserieslabels":["Bearish Wedge"]},"id":"rxfh7q2bIn","from_name":"label","to_name":"ts","type":"timeserieslabels","origin":"manual"},{"value":{"start":"2025-10-14 15:20","end":"2025-10-14 18:35","instant":false,"timeserieslabels":["Bullish Pennant"]},"id":"j47p9m2_wA","from_name":"label","to_name":"ts","type":"timeserieslabels","origin":"manual"}],"was_cancelled":false,"ground_truth":false,"created_at":"2025-10-30T12:09:12.607049Z","updated_at":"2025-10-30T12:09:12.607065Z","draft_created_at":"2025-10-30T11:25:18.338528Z","lead_time":47.001000000000005,"prediction":{},"result_count":4,"unique_id":"f644a0bd-661b-4df3-b353-9264ce777b2c","import_id":null,"last_action":null,"bulk_created":false,"task":115,"project":4,"updated_by":1,"parent_prediction":null,"parent_annotation":null,"last_created_by":null}],"file_upload":"744e6ba5-EURUSDX_2025-10-10_to_2025-10-14_5m.csv","drafts":[],"predictions":[],"data":{"csv":"\/data\/upload\/4\/744e6ba5-EURUSDX_2025-10-10_to_2025-10-14_5m.csv"},"meta":{},"created_at":"2025-10-30T11:19:56.494329Z","updated_at":"2025-10-30T12:09:12.705317Z","inner_id":65,"total_annotations":1,"cancelled_annotations":0,"total_predictions":0,"comment_count":0,"unresolved_comment_count":0,"last_comment_updated_at":null,"project":4,"updated_by":1,"comment_authors":[]},{"id":116,"annotations":[{"id":5,"completed_by":1,"result":[{"value":{"start":"2025-10-15 23:55","end":"2025-10-16 01:25","instant":false,"timeserieslabels":["Bullish Normal"]},"id":"ggCXhFUuv9","from_name":"label","to_name":"ts","type":"timeserieslabels","origin":"manual"}],"was_cancelled":false,"ground_truth":false,"created_at":"2025-10-30T12:09:11.019832Z","updated_at":"2025-10-30T12:09:11.019847Z","draft_created_at":"2025-10-30T11:24:59.596035Z","lead_time":25.157999999999998,"prediction":{},"result_count":1,"unique_id":"03678020-c6de-41fc-807f-73384bb43ec7","import_id":null,"last_action":null,"bulk_created":false,"task":116,"project":4,"updated_by":1,"parent_prediction":null,"parent_annotation":null,"last_created_by":null}],"file_upload":"3d5a399c-EURUSDX_2025-10-15_to_2025-10-19_5m.csv","drafts":[],"predictions":[],"data":{"csv":"\/data\/upload\/4\/3d5a399c-EURUSDX_2025-10-15_to_2025-10-19_5m.csv"},"meta":{},"created_at":"2025-10-30T11:19:56.494344Z","updated_at":"2025-10-30T12:09:11.114135Z","inner_id":66,"total_annotations":1,"cancelled_annotations":0,"total_predictions":0,"comment_count":0,"unresolved_comment_count":0,"last_comment_updated_at":null,"project":4,"updated_by":1,"comment_authors":[]},{"id":117,"annotations":[{"id":4,"completed_by":1,"result":[{"value":{"start":"2025-10-24 12:25","end":"2025-10-24 14:15","instant":false,"timeserieslabels":["Bullish Normal"]},"id":"luJqYWQs9r","from_name":"label","to_name":"ts","type":"timeserieslabels","origin":"manual"},{"value":{"start":"2025-10-22 13:15","end":"2025-10-22 16:35","instant":false,"timeserieslabels":["Bullish Pennant"]},"id":"wKqPs52-Ij","from_name":"label","to_name":"ts","type":"timeserieslabels","origin":"manual"}],"was_cancelled":false,"ground_truth":false,"created_at":"2025-10-30T12:09:09.247403Z","updated_at":"2025-10-30T12:09:09.247418Z","draft_created_at":"2025-10-30T11:23:58.702472Z","lead_time":37.194,"prediction":{},"result_count":2,"unique_id":"d6c15cb1-d4a5-4830-98d6-c9a939d973a8","import_id":null,"last_action":null,"bulk_created":false,"task":117,"project":4,"updated_by":1,"parent_prediction":null,"parent_annotation":null,"last_created_by":null}],"file_upload":"81f324bc-EURUSDX_2025-10-20_to_2025-10-24_5m.csv","drafts":[],"predictions":[],"data":{"csv":"\/data\/upload\/4\/81f324bc-EURUSDX_2025-10-20_to_2025-10-24_5m.csv"},"meta":{},"created_at":"2025-10-30T11:19:56.494360Z","updated_at":"2025-10-30T12:09:09.346420Z","inner_id":67,"total_annotations":1,"cancelled_annotations":0,"total_predictions":0,"comment_count":0,"unresolved_comment_count":0,"last_comment_updated_at":null,"project":4,"updated_by":1,"comment_authors":[]},{"id":118,"annotations":[{"id":3,"completed_by":1,"result":[{"value":{"start":"2025-10-27 01:15","end":"2025-10-27 03:55","instant":false,"timeserieslabels":["Bearish Pennant"]},"id":"K0HNb-35rr","from_name":"label","to_name":"ts","type":"timeserieslabels","origin":"manual"},{"value":{"start":"2025-10-28 13:20","end":"2025-10-28 16:50","instant":false,"timeserieslabels":["Bullish Wedge"]},"id":"HzmFp0oQmQ","from_name":"label","to_name":"ts","type":"timeserieslabels","origin":"manual"},{"value":{"start":"2025-10-29 18:30","end":"2025-10-29 19:25","instant":false,"timeserieslabels":["Bearish Pennant"]},"id":"IxnGEIV-ih","from_name":"label","to_name":"ts","type":"timeserieslabels","origin":"manual"},{"value":{"start":"2025-10-29 15:25","end":"2025-10-29 16:50","instant":false,"timeserieslabels":["Bullish Normal"]},"id":"j9jfjKIvBt","from_name":"label","to_name":"ts","type":"timeserieslabels","origin":"manual"},{"value":{"start":"2025-10-29 09:10","end":"2025-10-29 11:00","instant":false,"timeserieslabels":["Bullish Pennant"]},"id":"oR5hbdS_ls","from_name":"label","to_name":"ts","type":"timeserieslabels","origin":"manual"},{"value":{"start":"2025-10-27 18:35","end":"2025-10-27 20:15","instant":false,"timeserieslabels":["Bullish Normal"]},"id":"gNcYzDPVNc","from_name":"label","to_name":"ts","type":"timeserieslabels","origin":"manual"},{"value":{"start":"2025-10-28 19:05","end":"2025-10-28 21:10","instant":false,"timeserieslabels":["Bearish Pennant"]},"id":"qZi41QtL2D","from_name":"label","to_name":"ts","type":"timeserieslabels","origin":"manual"}],"was_cancelled":false,"ground_truth":false,"created_at":"2025-10-30T12:09:07.030465Z","updated_at":"2025-10-30T12:09:07.030480Z","draft_created_at":"2025-10-30T11:21:52.076016Z","lead_time":132.335,"prediction":{},"result_count":7,"unique_id":"4b80099c-efcc-42ae-8830-1c6d51cee439","import_id":null,"last_action":null,"bulk_created":false,"task":118,"project":4,"updated_by":1,"parent_prediction":null,"parent_annotation":null,"last_created_by":null}],"file_upload":"df6027d4-EURUSDX_2025-10-25_to_2025-10-29_5m.csv","drafts":[],"predictions":[],"data":{"csv":"\/data\/upload\/4\/df6027d4-EURUSDX_2025-10-25_to_2025-10-29_5m.csv"},"meta":{},"created_at":"2025-10-30T11:19:56.494375Z","updated_at":"2025-10-30T12:09:07.134367Z","inner_id":68,"total_annotations":1,"cancelled_annotations":0,"total_predictions":0,"comment_count":0,"unresolved_comment_count":0,"last_comment_updated_at":null,"project":4,"updated_by":1,"comment_authors":[]},{"id":119,"annotations":[{"id":2,"completed_by":1,"result":[{"value":{"start":"2025-10-30 04:00","end":"2025-10-30 06:00","instant":false,"timeserieslabels":["Bullish Wedge"]},"id":"glntczu9_g","from_name":"label","to_name":"ts","type":"timeserieslabels","origin":"manual"}],"was_cancelled":false,"ground_truth":false,"created_at":"2025-10-30T12:09:04.655232Z","updated_at":"2025-10-30T12:09:04.655247Z","draft_created_at":"2025-10-30T11:21:29.344649Z","lead_time":24.512999999999998,"prediction":{},"result_count":1,"unique_id":"13bdda91-3c7b-4713-9d7d-27edf50f78ce","import_id":null,"last_action":null,"bulk_created":false,"task":119,"project":4,"updated_by":1,"parent_prediction":null,"parent_annotation":null,"last_created_by":null}],"file_upload":"3904f0a6-EURUSDX_2025-10-30_to_2025-10-30_5m.csv","drafts":[],"predictions":[],"data":{"csv":"\/data\/upload\/4\/3904f0a6-EURUSDX_2025-10-30_to_2025-10-30_5m.csv"},"meta":{},"created_at":"2025-10-30T11:19:56.494391Z","updated_at":"2025-10-30T12:09:04.752249Z","inner_id":69,"total_annotations":1,"cancelled_annotations":0,"total_predictions":0,"comment_count":0,"unresolved_comment_count":0,"last_comment_updated_at":null,"project":4,"updated_by":1,"comment_authors":[]}]