[{"id":117,"annotations":[{"id":5,"completed_by":3,"result":[{"value":{"start":"2025-01-06 16:05","end":"2025-01-06 19:50","instant":false,"timeserieslabels":["Bearish Normal"]},"id":"CbmKb6g-V2","from_name":"label","to_name":"ts","type":"timeserieslabels","origin":"manual"},{"value":{"start":"2025-01-06 13:55","end":"2025-01-06 15:25","instant":false,"timeserieslabels":["Bullish Normal"]},"id":"VVI2hJrFou","from_name":"label","to_name":"ts","type":"timeserieslabels","origin":"manual"},{"value":{"start":"2025-01-10 17:50","end":"2025-01-10 19:25","instant":false,"timeserieslabels":["Bullish Pennant"]},"id":"VSnFLjHgu0","from_name":"label","to_name":"ts","type":"timeserieslabels","origin":"manual"},{"value":{"start":"2025-02-25 17:15","end":"2025-02-26 03:40","instant":false,"timeserieslabels":["Bearish Normal"]},"id":"bto8OXuGci","from_name":"label","to_name":"ts","type":"timeserieslabels","origin":"manual"},{"value":{"start":"2025-02-10 22:30","end":"2025-02-11 16:50","instant":false,"timeserieslabels":["Bullish Normal"]},"id":"bJZ-aB4iWY","from_name":"label","to_name":"ts","type":"timeserieslabels","origin":"manual"},{"value":{"start":"2025-05-15 11:20","end":"2025-05-16 17:00","instant":false,"timeserieslabels":["Bullish Normal"]},"id":"7gNu3IYGPw","from_name":"label","to_name":"ts","type":"timeserieslabels","origin":"manual"},{"value":{"start":"2025-07-01 03:00","end":"2025-07-02 12:40","instant":false,"timeserieslabels":["Bullish Pennant"]},"id":"VKCxEb5aa4","from_name":"label","to_name":"ts","type":"timeserieslabels","origin":"manual"},{"value":{"start":"2025-01-02 13:00","end":"2025-01-02 14:35","instant":false,"timeserieslabels":["Bullish Normal"]},"id":"LltjHui2hI","from_name":"label","to_name":"ts","type":"timeserieslabels","origin":"manual"},{"value":{"start":"2025-01-08 20:15","end":"2025-01-08 21:05","instant":false,"timeserieslabels":["Bearish Normal"]},"id":"zE2QbdjPfS","from_name":"label","to_name":"ts","type":"timeserieslabels","origin":"manual"},{"value":{"start":"2025-01-27 19:35","end":"2025-01-27 21:15","instant":false,"timeserieslabels":["Bearish Pennant"]},"id":"JRImyN-YSY","from_name":"label","to_name":"ts","type":"timeserieslabels","origin":"manual"}],"was_cancelled":false,"ground_truth":false,"created_at":"2025-12-05T17:23:17.968471Z","updated_at":"2025-12-05T18:03:46.243178Z","draft_created_at":"2025-12-05T17:16:23.851373Z","lead_time":947.977,"prediction":{},"result_count":10,"unique_id":"1a6b5d33-cc29-4a62-a346-b378db7e0bf9","import_id":null,"last_action":null,"bulk_created":false,"task":117,"project":7,"updated_by":3,"parent_prediction":null,"parent_annotation":null,"last_created_by":null}],"file_upload":"6252ed62-XAUUSD_5min.csv","drafts":[],"predictions":[],"data":{"csv":"\/data\/upload\/7\/6252ed62-XAUUSD_5min.csv"},"meta":{},"created_at":"2025-12-05T17:12:31.352647Z","updated_at":"2025-12-05T18:03:46.467165Z","inner_id":1,"total_annotations":1,"cancelled_annotations":0,"total_predictions":0,"comment_count":0,"unresolved_comment_count":0,"last_comment_updated_at":null,"project":7,"updated_by":3,"comment_authors":[]},{"id":118,"annotations":[{"id":6,"completed_by":3,"result":[{"value":{"start":"2025-01-27 09:15","end":"2025-01-27 19:15","instant":false,"timeserieslabels":["Bullish Wedge"]},"id":"AG1pDiwWq5","from_name":"label","to_name":"ts","type":"timeserieslabels","origin":"manual"},{"value":{"start":"2025-02-25 16:15","end":"2025-02-26 03:15","instant":false,"timeserieslabels":["Bearish Normal"]},"id":"0pMTe1YE6t","from_name":"label","to_name":"ts","type":"timeserieslabels","origin":"manual"},{"value":{"start":"2025-02-24 16:00","end":"2025-02-24 23:45","instant":false,"timeserieslabels":["Bearish Pennant"]},"id":"so5fooWLPd","from_name":"label","to_name":"ts","type":"timeserieslabels","origin":"manual"},{"value":{"start":"2025-03-06 08:45","end":"2025-03-06 18:45","instant":false,"timeserieslabels":["Bearish Wedge"]},"id":"OI6fs3mFbs","from_name":"label","to_name":"ts","type":"timeserieslabels","origin":"manual"},{"value":{"start":"2025-03-21 14:30","end":"2025-03-21 22:00","instant":false,"timeserieslabels":["Bearish Pennant"]},"id":"OxASKhKhcS","from_name":"label","to_name":"ts","type":"timeserieslabels","origin":"manual"},{"value":{"start":"2025-04-04 11:30","end":"2025-04-04 18:45","instant":false,"timeserieslabels":["Bullish Normal"]},"id":"slzRzI2kee","from_name":"label","to_name":"ts","type":"timeserieslabels","origin":"manual"},{"value":{"start":"2025-04-03 16:00","end":"2025-04-03 20:15","instant":false,"timeserieslabels":["Bullish Wedge"]},"id":"MORaGNycgH","from_name":"label","to_name":"ts","type":"timeserieslabels","origin":"manual"},{"value":{"start":"2025-06-05 14:00","end":"2025-06-06 07:45","instant":false,"timeserieslabels":["Bearish Normal"]},"id":"eCW8FoMZKo","from_name":"label","to_name":"ts","type":"timeserieslabels","origin":"manual"},{"value":{"start":"2025-06-13 01:45","end":"2025-06-13 10:00","instant":false,"timeserieslabels":["Bullish Normal"]},"id":"KlwDDjE1Z0","from_name":"label","to_name":"ts","type":"timeserieslabels","origin":"manual"},{"value":{"start":"2025-07-01 09:15","end":"2025-07-01 21:00","instant":false,"timeserieslabels":["Bullish Wedge"]},"id":"N5i8hOGNEo","from_name":"label","to_name":"ts","type":"timeserieslabels","origin":"manual"},{"value":{"start":"2025-07-08 15:15","end":"2025-07-08 20:15","instant":false,"timeserieslabels":["Bearish Normal"]},"id":"pxdup9SCD3","from_name":"label","to_name":"ts","type":"timeserieslabels","origin":"manual"},{"value":{"start":"2025-01-17 16:00","end":"2025-01-17 23:00","instant":false,"timeserieslabels":["Bullish Normal"]},"id":"DJHJZVgFEJ","from_name":"label","to_name":"ts","type":"timeserieslabels","origin":"manual"},{"value":{"start":"2025-01-23 13:15","end":"2025-01-23 19:30","instant":false,"timeserieslabels":["Bearish Wedge"]},"id":"AEfvZaWKI9","from_name":"label","to_name":"ts","type":"timeserieslabels","origin":"manual"},{"value":{"start":"2025-05-09 03:45","end":"2025-05-09 08:00","instant":false,"timeserieslabels":["Bearish Wedge"]},"id":"gFCb6ax0J5","from_name":"label","to_name":"ts","type":"timeserieslabels","origin":"manual"}],"was_cancelled":false,"ground_truth":false,"created_at":"2025-12-05T17:29:43.417366Z","updated_at":"2025-12-05T18:07:19.407686Z","draft_created_at":"2025-12-05T17:25:11.263619Z","lead_time":593.3230000000001,"prediction":{},"result_count":14,"unique_id":"5777afbf-97d4-4d78-84af-3798b761d931","import_id":null,"last_action":null,"bulk_created":false,"task":118,"project":7,"updated_by":3,"parent_prediction":null,"parent_annotation":null,"last_created_by":null}],"file_upload":"ca6ea089-XAUUSD_15min.csv","drafts":[],"predictions":[],"data":{"csv":"\/data\/upload\/7\/ca6ea089-XAUUSD_15min.csv"},"meta":{},"created_at":"2025-12-05T17:12:31.352709Z","updated_at":"2025-12-05T18:07:19.611644Z","inner_id":2,"total_annotations":1,"cancelled_annotations":0,"total_predictions":0,"comment_count":0,"unresolved_comment_count":0,"last_comment_updated_at":null,"project":7,"updated_by":3,"comment_authors":[]},{"id":119,"annotations":[{"id":7,"completed_by":3,"result":[{"value":{"start":"2025-01-27 14:30","end":"2025-01-28 00:30","instant":false,"timeserieslabels":["Bearish Normal"]},"id":"9LWmYLRYLp","from_name":"label","to_name":"ts","type":"timeserieslabels","origin":"manual"},{"value":{"start":"2025-02-25 17:00","end":"2025-02-26 03:30","instant":false,"timeserieslabels":["Bearish Pennant"]},"id":"zNr_BU991v","from_name":"label","to_name":"ts","type":"timeserieslabels","origin":"manual"},{"value":{"start":"2025-03-21 15:00","end":"2025-03-21 23:30","instant":false,"timeserieslabels":["Bearish Pennant"]},"id":"D4JgAtC66C","from_name":"label","to_name":"ts","type":"timeserieslabels","origin":"manual"},{"value":{"start":"2025-04-03 18:00","end":"2025-04-03 22:00","instant":false,"timeserieslabels":["Bearish Normal"]},"id":"2it__v-xm4","from_name":"label","to_name":"ts","type":"timeserieslabels","origin":"manual"},{"value":{"start":"2025-06-05 15:30","end":"2025-06-06 09:00","instant":false,"timeserieslabels":["Bearish Normal"]},"id":"3GVBomDDA2","from_name":"label","to_name":"ts","type":"timeserieslabels","origin":"manual"},{"value":{"start":"2025-06-13 04:00","end":"2025-06-13 12:30","instant":false,"timeserieslabels":["Bullish Normal"]},"id":"YWfzrc5qGc","from_name":"label","to_name":"ts","type":"timeserieslabels","origin":"manual"},{"value":{"start":"2025-07-01 11:30","end":"2025-07-01 22:30","instant":false,"timeserieslabels":["Bullish Normal"]},"id":"WV7eDsaNQ3","from_name":"label","to_name":"ts","type":"timeserieslabels","origin":"manual"},{"value":{"start":"2025-05-30 17:30","end":"2025-05-31 00:00","instant":false,"timeserieslabels":["Bearish Normal"]},"id":"t4xqqwIAZp","from_name":"label","to_name":"ts","type":"timeserieslabels","origin":"manual"}],"was_cancelled":false,"ground_truth":false,"created_at":"2025-12-05T17:34:49.252956Z","updated_at":"2025-12-05T18:12:52.199463Z","draft_created_at":"2025-12-05T17:30:06.658116Z","lead_time":635.152,"prediction":{},"result_count":8,"unique_id":"860ea09e-2e15-4798-a134-d1b58fb265a2","import_id":null,"last_action":null,"bulk_created":false,"task":119,"project":7,"updated_by":3,"parent_prediction":null,"parent_annotation":null,"last_created_by":null}],"file_upload":"c88ae8ec-XAUUSD_30min.csv","drafts":[],"predictions":[],"data":{"csv":"\/data\/upload\/7\/c88ae8ec-XAUUSD_30min.csv"},"meta":{},"created_at":"2025-12-05T17:12:31.352740Z","updated_at":"2025-12-05T18:12:52.372164Z","inner_id":3,"total_annotations":1,"cancelled_annotations":0,"total_predictions":0,"comment_count":0,"unresolved_comment_count":0,"last_comment_updated_at":null,"project":7,"updated_by":3,"comment_authors":[]}]