timestamp,open,high,low,close,volume
1697500800000,1.05541,1.05604,1.0552,1.05556,5816
1697504400000,1.05556,1.0556,1.0548,1.05524,6125
1697508000000,1.05522,1.0553,1.0545,1.05499,5345
1697511600000,1.05498,1.05542,1.0546,1.05496,5247
1697515200000,1.05496,1.05501,1.0544,1.05473,4644
1697518800000,1.0545,1.0551,1.0542,1.05441,5294
1697522400000,1.05445,1.05449,1.0532,1.0537,8311
1697526000000,1.05369,1.0555,1.0533,1.05487,10309
1697529600000,1.05483,1.0549,1.0531,1.05354,9886
1697533200000,1.05358,1.05545,1.0535,1.05532,9216
1697536800000,1.05532,1.05622,1.0545,1.05532,10284
1697540400000,1.05533,1.05792,1.0552,1.05751,9585
1697544000000,1.05753,1.05777,1.0537,1.05469,15411
1697547600000,1.05472,1.05612,1.0538,1.05492,16931
1697551200000,1.05491,1.05867,1.0547,1.05752,16769
1697554800000,1.05749,1.0593,1.05749,1.05921,12946
1697558400000,1.05916,1.0595,1.0577,1.05793,9908
1697562000000,1.05793,1.0581,1.0563,1.0567,8997
1697565600000,1.05669,1.0575,1.0562,1.05688,8556
1697569200000,1.05691,1.0581,1.0567,1.05769,8622
1697572800000,1.05767,1.0579,1.0572,1.0575,5826
1697576400000,1.0575,1.058,1.05703,1.05754,1484
1697580000000,1.05756,1.0579,1.0573,1.05755,2195
1697583600000,1.05757,1.0576,1.057,1.05728,2830
1697587200000,1.05729,1.05744,1.0559,1.05644,5737
1697590800000,1.05643,1.05701,1.056,1.05692,6923
1697594400000,1.05694,1.05791,1.05694,1.05754,7179
1697598000000,1.05751,1.0578,1.0571,1.05754,5301
1697601600000,1.05755,1.0579,1.0572,1.0576,5015
1697605200000,1.05753,1.0585,1.0573,1.05825,5996
1697608800000,1.05827,1.05941,1.0576,1.0579,10269
1697612400000,1.05789,1.05831,1.0569,1.0579,11614
1697616000000,1.05789,1.0585,1.0572,1.05831,9751
1697619600000,1.05823,1.0587,1.0564,1.0569,10007
1697623200000,1.05693,1.057,1.0552,1.0556,9681
1697626800000,1.05559,1.05682,1.0551,1.05607,8846
1697630400000,1.05606,1.05745,1.0549,1.05569,11263
1697634000000,1.05569,1.05642,1.0547,1.05502,13145
1697637600000,1.05505,1.05602,1.0531,1.05371,15008
1697641200000,1.05375,1.0543,1.0525,1.05314,12162
1697644800000,1.05313,1.0538,1.0522,1.05367,10612
1697648400000,1.05368,1.05537,1.0533,1.05502,11405
1697652000000,1.05502,1.05513,1.0534,1.05355,8453
1697655600000,1.05357,1.0538,1.053,1.05352,8011
1697659200000,1.05355,1.0538,1.0532,1.05356,4786
1697662800000,1.05356,1.0538,1.0528,1.05357,1396
1697666400000,1.05348,1.0541,1.05348,1.05366,1997
1697670000000,1.0537,1.054,1.0535,1.05377,2947
1697673600000,1.05378,1.054,1.0531,1.05389,5976
1697677200000,1.05388,1.0542,1.0531,1.05365,7270
1697680800000,1.05364,1.05396,1.0533,1.05351,5784
1697684400000,1.05348,1.0537,1.0531,1.05338,5202
1697688000000,1.05338,1.05351,1.0529,1.05334,4621
1697691600000,1.05334,1.0535,1.0528,1.05332,5348
1697695200000,1.05327,1.05422,1.0527,1.05402,8146
1697698800000,1.05401,1.05482,1.0534,1.05375,10724
1697702400000,1.0537,1.05436,1.0528,1.05357,10252
1697706000000,1.05359,1.05454,1.0533,1.05444,8746
1697709600000,1.05445,1.0553,1.0541,1.05513,7633
1697713200000,1.05509,1.0566,1.055,1.05579,8644
1697716800000,1.05579,1.058,1.0555,1.05761,12614
1697720400000,1.0576,1.05816,1.0564,1.0574,13409
1697724000000,1.05751,1.05792,1.0564,1.05687,13723
1697727600000,1.05686,1.0579,1.0566,1.05696,12137
1697731200000,1.05698,1.0616,1.0556,1.05965,19257
1697734800000,1.05957,1.06065,1.0582,1.05985,11976
1697738400000,1.05986,1.0605,1.0577,1.05807,11528
1697742000000,1.05808,1.05901,1.0579,1.0588,8891
1697745600000,1.05877,1.0588,1.0579,1.05807,5263
1697749200000,1.05807,1.0586,1.05751,1.05818,1311
1697752800000,1.05807,1.0584,1.0578,1.05807,2145
1697756400000,1.05805,1.0587,1.0577,1.05862,3505
1697760000000,1.0586,1.0587,1.0572,1.05761,6070
1697763600000,1.0576,1.05761,1.0567,1.05724,6891
1697767200000,1.05724,1.058,1.0569,1.05781,6142
1697770800000,1.05778,1.058,1.0573,1.05757,4844
1697774400000,1.05761,1.0579,1.0572,1.05752,4188
1697778000000,1.05752,1.0579,1.057,1.05738,5220
1697781600000,1.05739,1.05762,1.0564,1.05742,8549
1697785200000,1.05742,1.0577,1.0567,1.05707,9893
1697788800000,1.05708,1.05952,1.0567,1.05879,9901
1697792400000,1.05876,1.05934,1.0578,1.05898,8481
1697796000000,1.05892,1.0593,1.0582,1.05853,7317
1697799600000,1.05853,1.05991,1.0583,1.05906,7921
1697803200000,1.05901,1.0593,1.0565,1.05839,12148
1697806800000,1.05833,1.0595,1.0578,1.05791,13332
1697810400000,1.0579,1.06004,1.0571,1.05877,13385
1697814000000,1.05879,1.05965,1.0585,1.05911,10897
1697817600000,1.05908,1.0592,1.058,1.05891,9336
1697821200000,1.05893,1.06037,1.0586,1.05957,9366
1697824800000,1.05959,1.0597,1.0585,1.05924,7619
1697828400000,1.05925,1.0595,1.0587,1.05919,6890
1697832000000,1.05921,1.0597,1.05876,1.0594,5194
1697835600000,1.05922,1.0603,1.0591,1.0603,31
1698012000000,1.05918,1.05919,1.05878,1.05912,875
1698015600000,1.05908,1.0594,1.0587,1.0588,1360
1698019200000,1.05891,1.059,1.0582,1.0587,4804
1698022800000,1.05868,1.05872,1.058,1.05832,5873
1698026400000,1.05834,1.05834,1.0572,1.0573,4994
1698030000000,1.05735,1.0579,1.0573,1.05749,3846
1698033600000,1.0575,1.05771,1.0572,1.05763,3829
1698037200000,1.05762,1.05793,1.0574,1.05773,4607
1698040800000,1.05774,1.0587,1.057,1.05825,6852
1698044400000,1.05825,1.05977,1.0575,1.05975,9620
1698048000000,1.05969,1.06104,1.0594,1.06026,9373
1698051600000,1.06024,1.0615,1.059,1.05931,9241
1698055200000,1.0593,1.06044,1.05899,1.06043,8057
1698058800000,1.06043,1.061,1.06,1.06017,7849
1698062400000,1.0602,1.06188,1.0594,1.06097,10524
1698066000000,1.06093,1.06133,1.059,1.0605,12414
1698069600000,1.06052,1.0632,1.0603,1.0628,14292
1698073200000,1.06287,1.0647,1.0627,1.06452,10963
1698076800000,1.06453,1.0665,1.064,1.06644,8901
1698080400000,1.06646,1.0673,1.0658,1.06678,8595
1698084000000,1.06676,1.06779,1.0664,1.06742,7854
1698087600000,1.06743,1.0675,1.0659,1.06654,7738
1698091200000,1.06655,1.067,1.0662,1.0668,4330
1698094800000,1.0668,1.0673,1.06615,1.06683,1658
1698098400000,1.06687,1.0673,1.0666,1.06679,2112
1698102000000,1.06678,1.0671,1.0666,1.0668,3066
1698105600000,1.06699,1.06734,1.0665,1.06722,5563
1698109200000,1.06724,1.0675,1.0666,1.06704,7191
1698112800000,1.06702,1.06871,1.0667,1.06815,7114
1698116400000,1.0681,1.06862,1.0679,1.06826,4945
1698120000000,1.06827,1.0684,1.0677,1.0679,4439
1698123600000,1.06791,1.0683,1.0675,1.0681,5172
1698127200000,1.06809,1.06866,1.0676,1.06851,7888
1698130800000,1.06853,1.0695,1.0656,1.06627,11327
1698134400000,1.06626,1.06626,1.0643,1.06503,10071
1698138000000,1.0649,1.06511,1.0634,1.06368,8258
1698141600000,1.06367,1.064,1.062,1.06254,7806
1698145200000,1.06255,1.0642,1.062,1.06353,8181
1698148800000,1.06352,1.06366,1.0611,1.06159,10738
1698152400000,1.06158,1.06244,1.05955,1.06113,12791
1698156000000,1.0612,1.0616,1.059,1.05994,14009
1698159600000,1.05997,1.05998,1.0582,1.05938,11464
1698163200000,1.05938,1.06022,1.0582,1.05868,9365
1698166800000,1.05869,1.0594,1.0585,1.05888,8803
1698170400000,1.05881,1.05911,1.0583,1.05883,7594
1698174000000,1.05881,1.0594,1.0586,1.05917,6964
1698177600000,1.05919,1.0595,1.0587,1.05887,3681
1698181200000,1.05887,1.0597,1.05828,1.0592,1452
1698184800000,1.05905,1.0595,1.05868,1.05935,2476
1698188400000,1.05934,1.05951,1.059,1.05949,2612
1698192000000,1.05947,1.05988,1.0588,1.05924,6412
1698195600000,1.05926,1.0598,1.059,1.0594,6269
1698199200000,1.05944,1.0605,1.0593,1.06033,5232
1698202800000,1.06035,1.06051,1.06,1.06021,4879
1698206400000,1.0602,1.06062,1.0599,1.06061,4195
1698210000000,1.06059,1.0608,1.0596,1.0601,5143
1698213600000,1.06011,1.0604,1.0591,1.05926,6944
1698217200000,1.05925,1.0593,1.0577,1.05871,8627
1698220800000,1.05866,1.0597,1.0582,1.05852,8677
1698224400000,1.05852,1.05852,1.0565,1.0569,8616
1698228000000,1.05689,1.05773,1.0564,1.05744,7042
1698231600000,1.05743,1.0579,1.0568,1.05728,6915
1698235200000,1.05726,1.05797,1.0568,1.0575,9990
1698238800000,1.0575,1.0583,1.0566,1.05809,11631
1698242400000,1.05809,1.05914,1.0568,1.05851,14662
1698246000000,1.05853,1.05956,1.0582,1.05831,12845
1698249600000,1.0583,1.05861,1.0569,1.05745,8856
1698253200000,1.05745,1.0577,1.0564,1.05711,10878
1698256800000,1.05712,1.05734,1.0564,1.05662,8184
1698260400000,1.05665,1.05701,1.0564,1.05678,7341
1698264000000,1.05677,1.057,1.0564,1.05655,6688
1698267600000,1.05655,1.0574,1.05628,1.05672,1776
1698271200000,1.05677,1.0569,1.0562,1.05654,2772
1698274800000,1.0566,1.0567,1.0558,1.05662,3630
1698278400000,1.0566,1.05691,1.0556,1.05594,5516
1698282000000,1.05595,1.05614,1.0552,1.0554,6544
1698285600000,1.0555,1.05563,1.0542,1.05452,5987
1698289200000,1.0544,1.0548,1.054,1.0546,5473
1698292800000,1.05468,1.0548,1.0541,1.05451,4524
1698296400000,1.05456,1.05492,1.054,1.05426,5944
1698300000000,1.05424,1.05453,1.0532,1.05386,9059
1698303600000,1.05387,1.05495,1.0537,1.05479,9511
1698307200000,1.05477,1.05525,1.0543,1.05449,8554
1698310800000,1.05454,1.0552,1.0538,1.05454,7634
1698314400000,1.05451,1.05494,1.0534,1.05372,7223
1698318000000,1.0537,1.05391,1.053,1.05361,7100
1698321600000,1.05362,1.0559,1.05185,1.0559,14625
1698325200000,1.05594,1.05601,1.054,1.0547,14341
1698328800000,1.05471,1.05484,1.053,1.05428,13927
1698332400000,1.05427,1.05449,1.0524,1.05317,11579
1698336000000,1.05317,1.05369,1.0524,1.05285,10435
1698339600000,1.05286,1.05525,1.0526,1.05505,10781
1698343200000,1.05506,1.05646,1.0548,1.05609,8504
1698346800000,1.0561,1.05633,1.0547,1.05565,7836
1698350400000,1.05563,1.0565,1.0553,1.0562,5261
1698354000000,1.0562,1.0563,1.0552,1.05591,2065
1698357600000,1.05591,1.0566,1.05591,1.0564,1909
1698361200000,1.05646,1.0566,1.0561,1.05636,5100
1698364800000,1.05635,1.05645,1.0555,1.05578,5637
1698368400000,1.05577,1.05623,1.0551,1.05588,6020
1698372000000,1.05589,1.0567,1.0557,1.05645,5166
1698375600000,1.05646,1.0566,1.0559,1.05644,4295
1698379200000,1.05643,1.0568,1.0562,1.05672,3831
1698382800000,1.05669,1.057,1.0564,1.0569,4874
1698386400000,1.05692,1.05699,1.0553,1.05561,7407
1698390000000,1.05561,1.0563,1.055,1.05584,8286
1698393600000,1.05582,1.05624,1.0553,1.05616,7423
1698397200000,1.05618,1.05655,1.0559,1.05641,6843
1698400800000,1.05644,1.0567,1.0555,1.05558,6332
1698404400000,1.05554,1.05563,1.0534,1.05371,7543
1698408000000,1.0537,1.05692,1.05347,1.05558,11331
1698411600000,1.0556,1.05918,1.0554,1.05798,13737
1698415200000,1.0575,1.0595,1.0564,1.05782,14567
1698418800000,1.05783,1.0597,1.0576,1.05913,10748
1698422400000,1.0591,1.05964,1.0579,1.05827,8308
1698426000000,1.05829,1.05832,1.05573,1.05672,10013
1698429600000,1.05671,1.05735,1.0561,1.05675,9011
1698433200000,1.05678,1.0571,1.0561,1.05704,8069
1698436800000,1.05705,1.05705,1.0557,1.0562,4981
1698440400000,1.0554,1.0578,1.0554,1.0578,35
1698602400000,1.05598,1.05757,1.05598,1.05757,5
1698606000000,1.05737,1.05737,1.05641,1.05641,2
1698609600000,1.05623,1.0564,1.05619,1.05619,3
1698613200000,1.05619,1.05753,1.05619,1.05646,317
1698616800000,1.05654,1.05671,1.05585,1.0561,1187
1698620400000,1.05607,1.05637,1.05585,1.05616,1234
1698624000000,1.05616,1.05635,1.0554,1.05623,2539
1698627600000,1.05624,1.0564,1.0558,1.0562,5200
1698631200000,1.05634,1.0566,1.056,1.0562,4734
1698634800000,1.05624,1.05636,1.0557,1.05605,4101
1698638400000,1.05605,1.05625,1.0557,1.0561,3529
1698642000000,1.05609,1.0562,1.0557,1.05616,3978
1698645600000,1.05617,1.0566,1.0555,1.05651,5196
1698649200000,1.05644,1.05675,1.0552,1.05565,7804
1698652800000,1.05565,1.05607,1.0546,1.05599,9103
1698656400000,1.05598,1.0586,1.05598,1.05823,8936
1698660000000,1.0582,1.05882,1.0573,1.0575,7479
1698663600000,1.05748,1.05963,1.0572,1.05852,7792
1698667200000,1.05846,1.06084,1.058,1.06068,10044
1698670800000,1.06067,1.06146,1.0595,1.0609,11752
1698674400000,1.0609,1.06186,1.059,1.06052,13850
1698678000000,1.06051,1.0625,1.0603,1.06192,11485
1698681600000,1.06191,1.0621,1.0604,1.06072,9017
1698685200000,1.06071,1.06145,1.0598,1.0611,7320
1698688800000,1.06113,1.0619,1.0608,1.06176,6201
1698692400000,1.06176,1.06217,1.0612,1.06168,6658
1698696000000,1.06166,1.06174,1.0612,1.0614,3707
1698699600000,1.0614,1.0619,1.05994,1.06145,1304
1698703200000,1.06152,1.062,1.0611,1.06118,1884
1698706800000,1.06117,1.0617,1.0611,1.06135,2250
1698710400000,1.06137,1.06143,1.0608,1.06114,5101
1698714000000,1.06112,1.0613,1.0602,1.06095,6502
1698717600000,1.06097,1.06112,1.0597,1.0601,5511
1698721200000,1.06009,1.06012,1.0589,1.05945,7207
1698724800000,1.05944,1.05972,1.0589,1.05938,5088
1698728400000,1.05937,1.0599,1.0591,1.05983,5177
1698732000000,1.05987,1.06092,1.0593,1.0607,6107
1698735600000,1.06086,1.0626,1.0602,1.06211,8428
1698739200000,1.0621,1.06458,1.0614,1.06454,9697
1698742800000,1.06453,1.06742,1.0634,1.06661,10347
1698746400000,1.06661,1.06695,1.0651,1.06637,9244
1698750000000,1.06641,1.0667,1.0654,1.06556,7682
1698753600000,1.06554,1.0661,1.0621,1.06242,11428
1698757200000,1.0624,1.06256,1.06,1.06036,13489
1698760800000,1.06037,1.06157,1.0594,1.06022,13580
1698764400000,1.06024,1.06056,1.0566,1.05668,14272
1698768000000,1.05673,1.0575,1.0556,1.05675,11666
1698771600000,1.05675,1.05802,1.0564,1.05751,8968
1698775200000,1.0575,1.0582,1.057,1.05811,7226
1698778800000,1.05809,1.0586,1.0579,1.05804,6604
1698782400000,1.05807,1.05835,1.0571,1.05729,4325
1698786000000,1.05729,1.05781,1.0563,1.0573,1524
1698789600000,1.05753,1.058,1.0573,1.0579,2466
1698793200000,1.05793,1.05802,1.0575,1.05777,3028
1698796800000,1.05778,1.05805,1.0567,1.05735,5077
1698800400000,1.05729,1.05765,1.0567,1.05688,6145
1698804000000,1.05689,1.05731,1.0565,1.057,5019
1698807600000,1.05704,1.05737,1.0567,1.05705,4982
1698811200000,1.05705,1.0572,1.0564,1.05672,4823
1698814800000,1.0567,1.05693,1.0564,1.05679,5300
1698818400000,1.05678,1.05764,1.0567,1.05741,5508
1698822000000,1.05742,1.05776,1.0558,1.05647,7865
1698825600000,1.05646,1.05681,1.0556,1.05581,8146
1698829200000,1.05581,1.05628,1.0544,1.05491,7494
1698832800000,1.05492,1.0554,1.0545,1.05482,6440
1698836400000,1.05482,1.0551,1.0539,1.05429,6762
1698840000000,1.05429,1.05576,1.05369,1.05386,12479
1698843600000,1.05378,1.05397,1.052,1.05307,12504
1698847200000,1.05277,1.05709,1.05277,1.05526,15113
1698850800000,1.05519,1.05593,1.0535,1.0537,11640
1698854400000,1.05371,1.05418,1.0531,1.05337,8963
1698858000000,1.05338,1.0536,1.0526,1.05322,8711
1698861600000,1.05325,1.05517,1.05166,1.05417,17694
1698865200000,1.05417,1.05706,1.05406,1.05672,13972
1698868800000,1.05673,1.05757,1.0566,1.0568,5812
1698872400000,1.0568,1.0573,1.05614,1.05682,1462
1698876000000,1.05685,1.0579,1.0567,1.05779,2276
1698879600000,1.05783,1.05868,1.0576,1.05866,4252
1698883200000,1.05865,1.0602,1.0583,1.06019,6672
1698886800000,1.06018,1.06021,1.0595,1.05976,6488
1698890400000,1.05975,1.0599,1.0592,1.05959,5049
1698894000000,1.05958,1.06004,1.0592,1.05997,3993
1698897600000,1.06,1.06,1.0593,1.05958,4146
1698901200000,1.05958,1.06018,1.0594,1.05971,4889
1698904800000,1.05971,1.0602,1.0592,1.05997,5500
1698908400000,1.05998,1.06101,1.0595,1.06033,7786
1698912000000,1.06034,1.06085,1.0589,1.06006,9863
1698915600000,1.06003,1.06247,1.0597,1.06238,9761
1698919200000,1.06237,1.06372,1.062,1.06346,8246
1698922800000,1.06345,1.0639,1.06298,1.06338,8048
1698926400000,1.0634,1.06676,1.0632,1.06642,13122
1698930000000,1.06641,1.0667,1.0641,1.0648,12684
1698933600000,1.06472,1.0648,1.0626,1.06396,12372
1698937200000,1.06395,1.06433,1.0615,1.06174,11705
1698940800000,1.06172,1.0623,1.061,1.06152,10520
1698944400000,1.06153,1.063,1.0612,1.06279,7867
1698948000000,1.06277,1.06325,1.0622,1.06258,7719
1698951600000,1.06258,1.06265,1.0615,1.0623,6831
1698955200000,1.06231,1.06232,1.0615,1.062,4074
1698958800000,1.062,1.0626,1.06126,1.0621,2117
1698962400000,1.06214,1.0623,1.0616,1.06171,1767
1698966000000,1.0617,1.0619,1.0614,1.06151,2363
1698969600000,1.06152,1.06217,1.0613,1.0618,3446
1698973200000,1.06179,1.0623,1.0613,1.06221,5111
1698976800000,1.0622,1.06285,1.062,1.06263,4781
1698980400000,1.0624,1.06288,1.0623,1.06254,3717
1698984000000,1.06252,1.0629,1.0623,1.06263,3426
1698987600000,1.06264,1.06315,1.0624,1.06297,4064
1698991200000,1.06298,1.0634,1.0627,1.06309,4555
1698994800000,1.06305,1.06336,1.0624,1.06293,7064
1698998400000,1.0629,1.06321,1.0619,1.06271,8090
1699002000000,1.06264,1.06483,1.0622,1.0648,7729
1699005600000,1.06475,1.06482,1.064,1.06431,6551
1699009200000,1.0643,1.0653,1.064,1.06468,6683
1699012800000,1.06466,1.07194,1.0644,1.07096,13799
1699016400000,1.07089,1.07244,1.06959,1.07166,15738
1699020000000,1.07203,1.07345,1.0692,1.07197,15889
1699023600000,1.07198,1.07353,1.0714,1.07321,12711
1699027200000,1.07322,1.07393,1.0724,1.07391,11235
1699030800000,1.07393,1.07467,1.0729,1.07367,9487
1699034400000,1.07366,1.07398,1.0731,1.07359,7192
1699038000000,1.07356,1.07375,1.0721,1.07244,6490
1699041600000,1.07247,1.0733,1.0723,1.07293,4512
1699045200000,1.07245,1.0736,1.0713,1.0735,56
1699207200000,1.07205,1.07291,1.07205,1.07291,5
1699210800000,1.0726,1.07275,1.07248,1.07248,4
1699214400000,1.07275,1.0729,1.07235,1.07275,14
1699218000000,1.07279,1.07285,1.07248,1.07266,53
1699221600000,1.07266,1.07267,1.0722,1.0725,377
1699225200000,1.07251,1.07331,1.07233,1.07311,1343
1699228800000,1.07311,1.07318,1.0721,1.0723,2370
1699232400000,1.07241,1.073,1.0722,1.07282,5356
1699236000000,1.07283,1.0734,1.0725,1.07329,5137
1699239600000,1.07328,1.0736,1.0729,1.07343,4360
1699243200000,1.0732,1.0739,1.0732,1.07354,4019
1699246800000,1.07355,1.074,1.0731,1.07357,4711
1699250400000,1.07358,1.074,1.0733,1.07362,4946
1699254000000,1.07365,1.0745,1.073,1.07331,7641
1699257600000,1.07332,1.07563,1.0731,1.07495,9649
1699261200000,1.07501,1.07567,1.0741,1.07469,7803
1699264800000,1.07467,1.0756,1.0743,1.07483,7163
1699268400000,1.07482,1.0754,1.0742,1.07516,6438
1699272000000,1.07517,1.0755,1.0737,1.07435,7332
1699275600000,1.07436,1.07447,1.0734,1.07373,9254
1699279200000,1.07376,1.0746,1.0735,1.07391,10374
1699282800000,1.0739,1.07441,1.0725,1.07431,10931
1699286400000,1.07436,1.07493,1.0739,1.0746,8756
1699290000000,1.0746,1.07462,1.0732,1.07355,6763
1699293600000,1.07356,1.0737,1.0728,1.07354,6739
1699297200000,1.07358,1.0737,1.0721,1.07241,8188
1699300800000,1.0724,1.0725,1.0718,1.07195,6919
1699304400000,1.072,1.0721,1.0715,1.07162,4913
1699308000000,1.07162,1.0724,1.07138,1.0719,1706
1699311600000,1.07209,1.0725,1.0716,1.0717,2442
1699315200000,1.07183,1.072,1.071,1.0714,3710
1699318800000,1.07135,1.07136,1.0706,1.07101,6351
1699322400000,1.07104,1.07126,1.0704,1.07111,5088
1699326000000,1.07114,1.07141,1.0706,1.0709,5669
1699329600000,1.07091,1.07112,1.0703,1.07065,5360
1699333200000,1.07066,1.0711,1.0703,1.07106,5115
1699336800000,1.07105,1.0712,1.0699,1.07008,5656
1699340400000,1.07007,1.0703,1.0691,1.06965,7602
1699344000000,1.06969,1.0707,1.0693,1.07036,9551
1699347600000,1.07036,1.0704,1.0682,1.06837,8503
1699351200000,1.06836,1.0698,1.0679,1.06818,8211
1699354800000,1.06817,1.0684,1.0665,1.06732,8334
1699358400000,1.0674,1.0685,1.0672,1.06787,8186
1699362000000,1.06788,1.0687,1.0671,1.0676,9716
1699365600000,1.06763,1.0678,1.0663,1.0676,11555
1699369200000,1.06761,1.06898,1.0673,1.0685,11485
1699372800000,1.06851,1.0693,1.0682,1.0686,10316
1699376400000,1.06855,1.06865,1.0671,1.06772,9102
1699380000000,1.06771,1.07,1.0675,1.06988,9326
1699383600000,1.06981,1.0705,1.0693,1.06952,7735
1699387200000,1.0695,1.0699,1.0688,1.06947,7387
1699390800000,1.06948,1.0702,1.0693,1.06982,4291
1699394400000,1.06982,1.0704,1.0695,1.06985,1934
1699398000000,1.06981,1.0701,1.0693,1.06957,2164
1699401600000,1.06958,1.0698,1.0688,1.069,3916
1699405200000,1.06903,1.0695,1.0685,1.06918,5016
1699408800000,1.06917,1.07,1.0687,1.0692,4963
1699412400000,1.06936,1.0696,1.0687,1.06899,4195
1699416000000,1.069,1.0694,1.0687,1.06918,3520
1699419600000,1.06921,1.0694,1.0684,1.0687,3812
1699423200000,1.0686,1.06881,1.0679,1.06812,4788
1699426800000,1.06818,1.0685,1.0674,1.06801,6746
1699430400000,1.06804,1.0683,1.067,1.06726,8457
1699434000000,1.06733,1.06743,1.0659,1.06648,8462
1699437600000,1.06645,1.0669,1.0658,1.06682,6973
1699441200000,1.06681,1.0679,1.0667,1.06771,6323
1699444800000,1.06771,1.0678,1.0665,1.06679,6578
1699448400000,1.06682,1.0673,1.0659,1.06692,8903
1699452000000,1.06693,1.06922,1.0667,1.069,10656
1699455600000,1.06901,1.07076,1.0681,1.0703,11353
1699459200000,1.07052,1.0716,1.0703,1.07136,10109
1699462800000,1.07145,1.07147,1.07,1.07078,8174
1699466400000,1.07079,1.0715,1.0701,1.07092,8728
1699470000000,1.07092,1.07108,1.07,1.07022,5983
1699473600000,1.07022,1.07107,1.0699,1.07097,6006
1699477200000,1.07096,1.0712,1.0707,1.07087,4239
1699480800000,1.07087,1.0715,1.07024,1.07076,2647
1699484400000,1.07079,1.0713,1.07058,1.0711,2492
1699488000000,1.07112,1.07125,1.0701,1.07032,3177
1699491600000,1.07031,1.0715,1.0701,1.07121,4760
1699495200000,1.0712,1.0716,1.0707,1.07093,3929
1699498800000,1.07093,1.0712,1.0705,1.07076,3568
1699502400000,1.07079,1.0712,1.0706,1.07088,3127
1699506000000,1.0709,1.0711,1.0701,1.07024,3495
1699509600000,1.07025,1.071,1.07,1.07072,4296
1699513200000,1.07074,1.071,1.0702,1.0705,5836
1699516800000,1.07053,1.071,1.0693,1.07015,9021
1699520400000,1.07008,1.0705,1.0692,1.06975,7404
1699524000000,1.06979,1.07,1.0684,1.06865,6614
1699527600000,1.06866,1.0692,1.0679,1.06883,6149
1699531200000,1.06884,1.0693,1.0686,1.06901,6640
1699534800000,1.06902,1.07087,1.06866,1.07074,10159
1699538400000,1.07069,1.07253,1.0699,1.07241,11641
1699542000000,1.0724,1.0725,1.0706,1.07151,11746
1699545600000,1.0715,1.07171,1.0705,1.07099,8379
1699549200000,1.071,1.0713,1.0699,1.07047,7095
1699552800000,1.07048,1.07057,1.0671,1.06942,13201
1699556400000,1.06942,1.06944,1.0659,1.06674,13025
1699560000000,1.06671,1.0676,1.0661,1.06638,8068
1699563600000,1.06639,1.067,1.0663,1.06662,4531
1699567200000,1.06662,1.0673,1.0664,1.06678,2590
1699570800000,1.06679,1.067,1.0663,1.06667,2464
1699574400000,1.06669,1.0671,1.0661,1.06684,4062
1699578000000,1.06684,1.0676,1.0665,1.06717,4944
1699581600000,1.06718,1.0675,1.0669,1.06723,4430
1699585200000,1.06723,1.0675,1.0667,1.06698,3282
1699588800000,1.06696,1.0672,1.0666,1.06712,3497
1699592400000,1.06711,1.0672,1.0664,1.06691,3190
1699596000000,1.06691,1.067,1.0662,1.06656,3833
1699599600000,1.06649,1.067,1.0655,1.0663,7353
1699603200000,1.06631,1.0679,1.0663,1.06709,8672
1699606800000,1.06705,1.0681,1.06638,1.06773,8108
1699610400000,1.06766,1.06881,1.0667,1.0687,7302
1699614000000,1.06869,1.0689,1.0673,1.06763,6845
1699617600000,1.0677,1.069,1.0668,1.06818,7414
1699621200000,1.06819,1.06928,1.0676,1.06887,9273
1699624800000,1.06891,1.06897,1.0669,1.06725,10322
1699628400000,1.06708,1.06797,1.0662,1.067,12734
1699632000000,1.067,1.068,1.0662,1.0669,9232
1699635600000,1.06693,1.0683,1.0662,1.06793,7978
1699639200000,1.06793,1.0685,1.0671,1.06812,6783
1699642800000,1.0682,1.0688,1.0677,1.06796,5976
1699646400000,1.06795,1.0689,1.0675,1.06852,5769
1699650000000,1.06848,1.0688,1.06668,1.06668,3763
1699653600000,1.0684,1.0714,1.0683,1.0714,34
1699812000000,1.06833,1.06835,1.06824,1.06834,7
1699815600000,1.0683,1.06858,1.06821,1.06844,29
1699819200000,1.06841,1.06848,1.06841,1.06846,12
1699822800000,1.06843,1.06846,1.06809,1.06831,26
1699826400000,1.06831,1.06844,1.06806,1.06838,632
1699830000000,1.06854,1.06903,1.06854,1.06903,959
1699833600000,1.06899,1.06903,1.0681,1.0682,2014
1699837200000,1.0683,1.0689,1.0679,1.0685,4156
1699840800000,1.06867,1.0688,1.068,1.06832,3870
1699844400000,1.06833,1.0687,1.068,1.06855,2972
1699848000000,1.0685,1.069,1.0682,1.06841,2640
1699851600000,1.06841,1.0687,1.0682,1.06858,3104
1699855200000,1.06858,1.06923,1.0682,1.0689,3872
1699858800000,1.06902,1.06974,1.0688,1.06925,5806
1699862400000,1.06925,1.0696,1.0684,1.06914,7804
1699866000000,1.06914,1.07014,1.0684,1.06896,7041
1699869600000,1.06892,1.07,1.0685,1.06973,5862
1699873200000,1.06969,1.0698,1.0683,1.06873,6031
1699876800000,1.06873,1.0688,1.0668,1.06729,6730
1699880400000,1.06725,1.06736,1.0664,1.06727,8554
1699884000000,1.06721,1.06802,1.0666,1.0677,9433
1699887600000,1.06766,1.0693,1.0673,1.06888,11537
1699891200000,1.06882,1.07038,1.0684,1.06992,8402
1699894800000,1.0698,1.07062,1.0692,1.06955,6424
1699898400000,1.06958,1.07052,1.0689,1.07017,5731
1699902000000,1.07014,1.0706,1.0696,1.07018,5168
1699905600000,1.0702,1.07043,1.0697,1.06989,4584
1699909200000,1.06994,1.07,1.0696,1.06969,3156
1699912800000,1.06969,1.0702,1.06907,1.07,1900
1699916400000,1.06994,1.0703,1.0696,1.0701,1741
1699920000000,1.0701,1.07023,1.0697,1.06994,2922
1699923600000,1.06996,1.07004,1.0693,1.06988,3999
1699927200000,1.06987,1.07022,1.0695,1.06979,3574
1699930800000,1.06977,1.06985,1.0694,1.06963,3450
1699934400000,1.06964,1.07,1.0694,1.0694,2598
1699938000000,1.06962,1.06965,1.0691,1.06954,3109
1699941600000,1.06956,1.07,1.0693,1.06992,3566
1699945200000,1.06994,1.071,1.0696,1.07059,6087
1699948800000,1.07061,1.071,1.0695,1.06981,7358
1699952400000,1.06977,1.0718,1.0695,1.07156,7906
1699956000000,1.07155,1.0731,1.0713,1.07214,7510
1699959600000,1.07217,1.07237,1.0713,1.07193,6204
1699963200000,1.07188,1.0727,1.0717,1.07212,6045
1699966800000,1.07207,1.08002,1.0714,1.07893,14268
1699970400000,1.07889,1.08357,1.07878,1.08332,16477
1699974000000,1.08325,1.08424,1.0822,1.08377,13500
1699977600000,1.08378,1.08642,1.0836,1.08605,11327
1699981200000,1.08599,1.0874,1.0852,1.0873,9001
1699984800000,1.08724,1.0877,1.0867,1.08695,6780
1699988400000,1.08693,1.0883,1.0866,1.08812,6191
1699992000000,1.08814,1.08874,1.0876,1.08823,5822
1699995600000,1.08825,1.08825,1.0874,1.08772,3654
1699999200000,1.08772,1.088,1.08703,1.0874,1710
1700002800000,1.08722,1.0883,1.08722,1.0876,2508
1700006400000,1.08777,1.08782,1.0864,1.08693,4867
1700010000000,1.08695,1.0875,1.0867,1.08717,5080
1700013600000,1.08719,1.088,1.0869,1.0877,5212
1700017200000,1.08782,1.0883,1.0874,1.0882,4136
1700020800000,1.0882,1.0885,1.0876,1.08778,2888
1700024400000,1.0878,1.08795,1.0871,1.08725,4364
1700028000000,1.08728,1.0878,1.087,1.08728,4836
1700031600000,1.08742,1.08762,1.0864,1.08727,7793
1700035200000,1.08728,1.08794,1.08657,1.08703,9684
1700038800000,1.08703,1.08705,1.0843,1.08521,9327
1700042400000,1.08522,1.0859,1.0849,1.08569,6925
1700046000000,1.08563,1.08682,1.0854,1.08661,6281
1700049600000,1.08661,1.08681,1.0853,1.08636,6677
1700053200000,1.08639,1.08858,1.0839,1.0859,12740
1700056800000,1.08591,1.08611,1.083,1.08361,13380
1700060400000,1.08366,1.08654,1.0833,1.08653,11655
1700064000000,1.0865,1.08687,1.0848,1.08518,9782
1700067600000,1.08522,1.08564,1.0842,1.08541,7570
1700071200000,1.0854,1.08547,1.084,1.0846,6618
1700074800000,1.08456,1.08481,1.0839,1.08462,5782
1700078400000,1.08463,1.08471,1.0841,1.08432,5443
1700082000000,1.08431,1.0848,1.0841,1.08458,3383
1700085600000,1.08458,1.0855,1.08401,1.08477,2448
1700089200000,1.08476,1.08544,1.0846,1.08542,1921
1700092800000,1.08543,1.08555,1.0849,1.08551,4097
1700096400000,1.08552,1.0857,1.084,1.08437,5487
1700100000000,1.08435,1.0844,1.0829,1.0831,5666
1700103600000,1.08334,1.0836,1.083,1.0831,3771
1700107200000,1.08323,1.0838,1.083,1.0837,2739
1700110800000,1.08368,1.084,1.0832,1.08377,3412
1700114400000,1.08379,1.0841,1.0835,1.0837,4153
1700118000000,1.08391,1.08462,1.0833,1.08407,6407
1700121600000,1.08406,1.0855,1.0838,1.0854,8534
1700125200000,1.08549,1.0861,1.0847,1.08509,7237
1700128800000,1.0851,1.0852,1.0842,1.0842,6656
1700132400000,1.0845,1.08583,1.0843,1.0851,5789
1700136000000,1.08518,1.08533,1.0838,1.08425,6984
1700139600000,1.08423,1.08815,1.084,1.08811,11260
1700143200000,1.08801,1.0882,1.0858,1.08761,12293
1700146800000,1.08762,1.08955,1.0871,1.08782,13279
1700150400000,1.08781,1.08829,1.0845,1.08498,10939
1700154000000,1.08498,1.0861,1.0846,1.08595,7593
1700157600000,1.08598,1.08657,1.0855,1.08591,6013
1700161200000,1.0859,1.086,1.085,1.08559,5624
1700164800000,1.08558,1.08581,1.0843,1.08463,5746
1700168400000,1.08462,1.0854,1.0845,1.08512,3908
1700172000000,1.08512,1.0859,1.0811,1.08529,2400
1700175600000,1.08531,1.0856,1.085,1.08531,1831
1700179200000,1.08526,1.0856,1.0847,1.08529,3142
1700182800000,1.0853,1.08571,1.0849,1.0853,5030
1700186400000,1.08527,1.0857,1.0848,1.08549,4034
1700190000000,1.0855,1.0857,1.0852,1.0853,3664
1700193600000,1.08542,1.0855,1.0848,1.08504,3007
1700197200000,1.08503,1.08557,1.0846,1.08529,3814
1700200800000,1.08531,1.0857,1.0849,1.08511,3825
1700204400000,1.08508,1.0852,1.0834,1.08383,6984
1700208000000,1.08384,1.085,1.0823,1.08484,10224
1700211600000,1.08476,1.08584,1.0844,1.08529,9059
1700215200000,1.08529,1.0872,1.085,1.08709,8986
1700218800000,1.08708,1.0875,1.0858,1.08661,7980
1700222400000,1.08656,1.08688,1.0856,1.08632,7234
1700226000000,1.08632,1.08775,1.086,1.08711,10993
1700229600000,1.08709,1.08845,1.0858,1.08693,12765
1700233200000,1.08694,1.08931,1.0867,1.08867,11253
1700236800000,1.08868,1.08899,1.0873,1.08785,9909
1700240400000,1.08784,1.08913,1.0876,1.08903,6669
1700244000000,1.089,1.09045,1.0887,1.09032,6222
1700247600000,1.09032,1.09036,1.0894,1.08997,5764
1700251200000,1.08997,1.0909,1.0896,1.09082,5489
1700254800000,1.09081,1.0915,1.09004,1.09004,4018
1700258400000,1.09112,1.0918,1.0906,1.0916,33
1700416800000,1.09094,1.09099,1.09087,1.09094,5
1700420400000,1.09087,1.09112,1.09077,1.09112,7
1700424000000,1.09043,1.09112,1.09043,1.09112,6
1700427600000,1.09105,1.09129,1.09073,1.09103,47
1700431200000,1.09103,1.09105,1.0906,1.09088,412
1700434800000,1.09087,1.09106,1.09051,1.09053,1177
1700438400000,1.0905,1.09054,1.0896,1.0899,2426
1700442000000,1.0901,1.0911,1.09,1.09082,5893
1700445600000,1.09083,1.0925,1.0906,1.09223,6114
1700449200000,1.09223,1.0926,1.0916,1.09235,5684
1700452800000,1.09235,1.09357,1.092,1.09219,4868
1700456400000,1.09219,1.0928,1.0917,1.09186,4526
1700460000000,1.09184,1.0923,1.0914,1.09166,5162
1700463600000,1.09169,1.09196,1.0911,1.09161,7400
1700467200000,1.09157,1.09297,1.0914,1.09192,9368
1700470800000,1.09193,1.09402,1.0917,1.09367,9255
1700474400000,1.09367,1.0937,1.0921,1.09261,7049
1700478000000,1.09256,1.09295,1.0919,1.09226,6395
1700481600000,1.09228,1.0931,1.092,1.09294,6888
1700485200000,1.09297,1.09323,1.0923,1.09263,8895
1700488800000,1.09264,1.09457,1.0917,1.09405,10055
1700492400000,1.09405,1.09416,1.0925,1.09382,9880
1700496000000,1.09381,1.0945,1.0936,1.09443,7745
1700499600000,1.09442,1.09517,1.0933,1.09376,6213
1700503200000,1.09375,1.0952,1.0936,1.09453,8013
1700506800000,1.09452,1.09472,1.0937,1.09465,5684
1700510400000,1.0946,1.09475,1.094,1.09417,4704
1700514000000,1.09418,1.0945,1.0938,1.0938,3525
1700517600000,1.0938,1.0945,1.09222,1.0942,1696
1700521200000,1.09425,1.0948,1.09396,1.0944,2236
1700524800000,1.09446,1.09522,1.094,1.09454,4184
1700528400000,1.09453,1.0958,1.0942,1.09522,7193
1700532000000,1.09521,1.0963,1.0946,1.09596,5794
1700535600000,1.09599,1.09641,1.0957,1.0963,4488
1700539200000,1.09635,1.0966,1.0956,1.09588,4074
1700542800000,1.0959,1.0964,1.0952,1.09557,4690
1700546400000,1.0956,1.09611,1.0951,1.09583,4873
1700550000000,1.09583,1.09631,1.0949,1.09539,7014
1700553600000,1.09538,1.0964,1.0943,1.0946,9607
1700557200000,1.09458,1.09506,1.09418,1.09436,8375
1700560800000,1.09438,1.09536,1.0941,1.09454,6842
1700564400000,1.09451,1.0947,1.0937,1.09389,5848
1700568000000,1.09393,1.09506,1.0938,1.09482,6424
1700571600000,1.0948,1.09613,1.0938,1.09449,10388
1700575200000,1.0945,1.09594,1.0943,1.09529,11221
1700578800000,1.09533,1.09593,1.093,1.09342,12133
1700582400000,1.09339,1.09438,1.0921,1.09229,9830
1700586000000,1.0921,1.0927,1.0917,1.0921,7154
1700589600000,1.09209,1.09217,1.0901,1.09082,7697
1700593200000,1.09083,1.0916,1.0899,1.0915,8091
1700596800000,1.09151,1.0917,1.091,1.09118,5257
1700600400000,1.09119,1.0915,1.09,1.0911,3321
1700604000000,1.0911,1.0915,1.09013,1.09107,1502
1700607600000,1.09095,1.0919,1.0909,1.09166,2454
1700611200000,1.09168,1.092,1.0913,1.0919,3958
1700614800000,1.09197,1.0923,1.0908,1.09132,5820
1700618400000,1.09132,1.09203,1.091,1.0916,4587
1700622000000,1.09161,1.09191,1.0912,1.09143,3632
1700625600000,1.09142,1.0916,1.0909,1.09137,2874
1700629200000,1.0914,1.0915,1.0903,1.09073,4500
1700632800000,1.0907,1.0908,1.0894,1.09004,5692
1700636400000,1.09004,1.0917,1.0899,1.09142,6435
1700640000000,1.09147,1.092,1.0882,1.08854,9156
1700643600000,1.08853,1.09122,1.0883,1.09025,8665
1700647200000,1.09024,1.0906,1.0893,1.09009,7126
1700650800000,1.0901,1.0908,1.0896,1.09,7140
1700654400000,1.08999,1.09122,1.0896,1.09066,8058
1700658000000,1.09061,1.09178,1.08906,1.08962,11442
1700661600000,1.08964,1.08985,1.08713,1.0875,12430
1700665200000,1.08726,1.08741,1.0851,1.08658,13852
1700668800000,1.08658,1.08733,1.086,1.08702,9498
1700672400000,1.08704,1.0884,1.0867,1.08784,7567
1700676000000,1.08786,1.08871,1.0876,1.08849,5938
1700679600000,1.08848,1.0888,1.0878,1.08838,6262
1700683200000,1.08837,1.0889,1.088,1.08873,4829
1700686800000,1.08874,1.089,1.0885,1.0888,3043
1700690400000,1.0888,1.0889,1.08804,1.08862,1587
1700694000000,1.08856,1.0891,1.08808,1.08878,1751
1700697600000,1.08879,1.0893,1.0886,1.0892,2810
1700701200000,1.08921,1.0897,1.0887,1.0895,4335
1700704800000,1.08948,1.0906,1.0893,1.09036,3957
1700708400000,1.09035,1.0906,1.09,1.0905,3217
1700712000000,1.09049,1.0906,1.09,1.0902,2255
1700715600000,1.09022,1.0913,1.0899,1.09103,3076
1700719200000,1.0909,1.09178,1.0905,1.09085,4652
1700722800000,1.09075,1.0915,1.0904,1.09135,6213
1700726400000,1.09138,1.09305,1.08952,1.09167,9335
1700730000000,1.09171,1.09237,1.0905,1.09231,8770
1700733600000,1.09231,1.09241,1.0913,1.0919,6379
1700737200000,1.09191,1.09197,1.0911,1.09147,5552
1700740800000,1.09146,1.09152,1.0899,1.09033,5929
1700744400000,1.09032,1.0906,1.0895,1.09017,6634
1700748000000,1.09017,1.0903,1.0886,1.08962,7668
1700751600000,1.08962,1.0911,1.0895,1.09095,6776
1700755200000,1.09094,1.091,1.0901,1.09058,4730
1700758800000,1.09062,1.0907,1.0901,1.09058,2772
1700762400000,1.09058,1.09061,1.0901,1.09029,1493
1700766000000,1.09035,1.09074,1.0902,1.09036,1547
1700769600000,1.09036,1.0908,1.0901,1.09055,1771
1700773200000,1.09054,1.0909,1.09027,1.09027,1391
1700776800000,1.09027,1.0907,1.08959,1.09061,1859
1700780400000,1.09062,1.0909,1.0902,1.0902,1864
1700784000000,1.09042,1.09098,1.0901,1.09068,3464
1700787600000,1.09066,1.09103,1.0899,1.09018,4737
1700791200000,1.09019,1.0904,1.0893,1.08955,3946
1700794800000,1.08953,1.09,1.0893,1.08991,2750
1700798400000,1.0899,1.0904,1.0895,1.09036,2858
1700802000000,1.09036,1.09121,1.0902,1.09118,3660
1700805600000,1.09119,1.09119,1.0902,1.09072,3616
1700809200000,1.09071,1.0911,1.0901,1.0908,5188
1700812800000,1.09079,1.092,1.0904,1.09189,7778
1700816400000,1.09188,1.0921,1.09,1.09029,7233
1700820000000,1.09029,1.09102,1.09,1.09096,5719
1700823600000,1.09093,1.09167,1.0905,1.09142,5526
1700827200000,1.09142,1.09283,1.0911,1.09166,6070
1700830800000,1.09166,1.09226,1.0906,1.092,7991
1700834400000,1.0922,1.09385,1.0915,1.09368,10081
1700838000000,1.09361,1.0946,1.0933,1.09396,9842
1700841600000,1.09398,1.09415,1.0929,1.09331,6867
1700845200000,1.09333,1.0941,1.0927,1.09404,5418
1700848800000,1.094,1.0949,1.0938,1.09479,2963
1700852400000,1.0948,1.09481,1.09363,1.09462,5212
1700856000000,1.0945,1.0948,1.09402,1.09444,3206
1700859600000,1.09442,1.09462,1.09319,1.0942,3204
1700863200000,1.0946,1.0949,1.0939,1.0948,23
1701021600000,1.09371,1.09371,1.09304,1.09304,3
1701025200000,1.09322,1.09384,1.09322,1.09344,6
1701028800000,1.09384,1.0941,1.09336,1.09368,23
1701032400000,1.09366,1.09457,1.09284,1.09438,163
1701036000000,1.09438,1.09453,1.09417,1.09429,490
1701039600000,1.09427,1.09471,1.09381,1.09393,1243
1701043200000,1.09399,1.09402,1.0927,1.0927,2195
1701046800000,1.09285,1.095,1.0925,1.09467,5869
1701050400000,1.09466,1.0947,1.0936,1.09427,4685
1701054000000,1.09428,1.0946,1.0937,1.09451,4102
1701057600000,1.0943,1.095,1.094,1.09474,3565
1701061200000,1.09472,1.0951,1.0942,1.09495,4004
1701064800000,1.09494,1.09563,1.0946,1.09498,4398
1701068400000,1.095,1.09592,1.0945,1.0946,6769
1701072000000,1.09473,1.09522,1.0937,1.09429,7822
1701075600000,1.09428,1.09524,1.094,1.09484,6887
1701079200000,1.09484,1.09567,1.0945,1.09542,6525
1701082800000,1.09547,1.09557,1.0944,1.09536,5799
1701086400000,1.09534,1.09552,1.0944,1.09497,6683
1701090000000,1.09498,1.09553,1.0942,1.09438,10436
1701093600000,1.09437,1.0945,1.09249,1.09282,10334
1701097200000,1.09281,1.09393,1.0924,1.09327,11925
1701100800000,1.09328,1.0938,1.0926,1.09365,9739
1701104400000,1.09358,1.09382,1.0928,1.0933,6370
1701108000000,1.09344,1.09425,1.0931,1.0942,6646
1701111600000,1.09422,1.09566,1.094,1.09561,5731
1701115200000,1.09559,1.0958,1.0949,1.09567,5048
1701118800000,1.09568,1.0957,1.095,1.09532,4044
1701122400000,1.09532,1.0958,1.0947,1.09544,1716
1701126000000,1.09546,1.096,1.0953,1.0959,2143
1701129600000,1.0959,1.09615,1.0953,1.0957,4161
1701133200000,1.09582,1.0962,1.0953,1.09575,5697
1701136800000,1.09578,1.0963,1.0952,1.0957,4214
1701140400000,1.09577,1.09592,1.0953,1.0955,3533
1701144000000,1.09549,1.0956,1.0951,1.09523,2777
1701147600000,1.09521,1.0954,1.0948,1.0951,3367
1701151200000,1.09509,1.0952,1.0944,1.09469,3972
1701154800000,1.09468,1.09475,1.0933,1.09358,6854
1701158400000,1.09359,1.09501,1.0934,1.09476,8576
1701162000000,1.09477,1.09551,1.0946,1.09533,7712
1701165600000,1.09537,1.09568,1.0945,1.09519,6970
1701169200000,1.09521,1.09576,1.0948,1.09496,6064
1701172800000,1.09496,1.09623,1.0946,1.09502,7228
1701176400000,1.09508,1.09739,1.0945,1.0972,10498
1701180000000,1.09717,1.0985,1.0963,1.09786,12599
1701183600000,1.09786,1.10017,1.0966,1.09809,14522
1701187200000,1.09809,1.1006,1.0976,1.10054,12699
1701190800000,1.10053,1.1009,1.0984,1.09869,9759
1701194400000,1.09871,1.09882,1.0972,1.09813,8831
1701198000000,1.09807,1.0994,1.0979,1.09912,6984
1701201600000,1.09911,1.09914,1.0975,1.0988,6658
1701205200000,1.09882,1.0996,1.0985,1.09918,3590
1701208800000,1.09918,1.0998,1.0983,1.09936,1372
1701212400000,1.09934,1.10053,1.09925,1.10041,3584
1701216000000,1.10041,1.1008,1.0996,1.10059,5118
1701219600000,1.10058,1.10173,1.1003,1.10058,7181
1701223200000,1.10058,1.10085,1.0997,1.10066,5232
1701226800000,1.10066,1.1008,1.0997,1.09984,3925
1701230400000,1.09982,1.10034,1.0995,1.10025,3612
1701234000000,1.10024,1.10044,1.0996,1.1002,4573
1701237600000,1.10018,1.1005,1.0995,1.10012,6184
1701241200000,1.1,1.10013,1.0981,1.09845,7716
1701244800000,1.09824,1.09985,1.09761,1.09896,10162
1701248400000,1.09891,1.09908,1.0971,1.09743,8845
1701252000000,1.09745,1.09778,1.0968,1.09766,7806
1701255600000,1.09767,1.0985,1.097,1.09847,7269
1701259200000,1.09845,1.09887,1.0978,1.09851,7708
1701262800000,1.0985,1.09948,1.09709,1.09727,13008
1701266400000,1.09728,1.09906,1.0962,1.09766,12384
1701270000000,1.09766,1.09911,1.0959,1.09748,13689
1701273600000,1.09746,1.0978,1.096,1.09682,9428
1701277200000,1.09684,1.09783,1.0965,1.09759,6654
1701280800000,1.09758,1.09854,1.0971,1.09844,6429
1701284400000,1.09843,1.0995,1.0975,1.09831,6921
1701288000000,1.09832,1.0984,1.0969,1.09721,6110
1701291600000,1.09725,1.0975,1.0967,1.09688,2988
1701295200000,1.09688,1.0973,1.09652,1.09714,2156
1701298800000,1.09717,1.0975,1.0969,1.0973,2105
1701302400000,1.0973,1.0984,1.097,1.09822,3892
1701306000000,1.09826,1.09826,1.0967,1.09694,5517
1701309600000,1.09694,1.0978,1.0966,1.09763,5025
1701313200000,1.09765,1.09772,1.0971,1.0972,3268
1701316800000,1.09743,1.09761,1.0967,1.09685,3678
1701320400000,1.09686,1.0973,1.0963,1.09719,4057
1701324000000,1.09719,1.0982,1.0971,1.09786,4824
1701327600000,1.09786,1.09787,1.09401,1.09517,7913
1701331200000,1.09516,1.09594,1.0919,1.09233,10297
1701334800000,1.0923,1.0939,1.0919,1.0925,9716
1701338400000,1.09242,1.0931,1.0908,1.09182,8477
1701342000000,1.09181,1.09194,1.0907,1.09157,7506
1701345600000,1.09158,1.09317,1.0909,1.0925,7585
1701349200000,1.09251,1.09504,1.0913,1.09158,12514
1701352800000,1.09155,1.0923,1.0892,1.09082,14255
1701356400000,1.09083,1.09183,1.0893,1.0911,14626
1701360000000,1.09112,1.0917,1.09,1.09069,12713
1701363600000,1.09068,1.09122,1.0887,1.08901,8436
1701367200000,1.089,1.09,1.0882,1.08891,7120
1701370800000,1.08892,1.0895,1.0884,1.089,6985
1701374400000,1.08897,1.0892,1.0878,1.0885,6572
1701378000000,1.08849,1.08912,1.0882,1.0886,3511
1701381600000,1.0886,1.08921,1.08775,1.08913,2395
1701385200000,1.08915,1.08945,1.0888,1.08916,2764
1701388800000,1.08917,1.09031,1.089,1.09018,4447
1701392400000,1.09012,1.091,1.09,1.09069,5952
1701396000000,1.09067,1.0914,1.0905,1.09076,4532
1701399600000,1.09076,1.09094,1.0898,1.09004,4443
1701403200000,1.09001,1.0907,1.0896,1.09063,3156
1701406800000,1.09067,1.09122,1.0903,1.09107,4448
1701410400000,1.09109,1.0912,1.0905,1.09084,4706
1701414000000,1.0907,1.0912,1.0893,1.08949,7114
1701417600000,1.08946,1.09032,1.0885,1.08933,9999
1701421200000,1.08923,1.09046,1.08889,1.08978,9040
1701424800000,1.08977,1.09039,1.0884,1.08907,7128
1701428400000,1.08908,1.08973,1.0881,1.08972,7190
1701432000000,1.08973,1.09011,1.0875,1.08767,7695
1701435600000,1.08763,1.08847,1.0865,1.08676,11055
1701439200000,1.08676,1.08704,1.084,1.08442,11518
1701442800000,1.08441,1.08664,1.08328,1.08378,15323
1701446400000,1.08379,1.08852,1.08286,1.08771,15547
1701450000000,1.08765,1.08843,1.087,1.08817,11197
1701453600000,1.08817,1.0893,1.0877,1.08891,9610
1701457200000,1.08892,1.0893,1.0869,1.08717,7619
1701460800000,1.08722,1.088,1.087,1.08793,6085
1701464400000,1.08793,1.0884,1.08285,1.0882,4024
1701468000000,1.0883,1.0893,1.0881,1.0891,26
1701626400000,1.08693,1.08874,1.08648,1.08858,12
1701630000000,1.08873,1.08873,1.08857,1.08857,8
1701633600000,1.08858,1.08858,1.08761,1.08761,11
1701637200000,1.08713,1.08769,1.08713,1.08755,15
1701640800000,1.08755,1.08898,1.08755,1.08839,466
1701644400000,1.08803,1.08946,1.08803,1.08855,3034
1701648000000,1.08854,1.08863,1.0869,1.08714,3536
1701651600000,1.08714,1.08773,1.0865,1.08729,7162
1701655200000,1.08731,1.08843,1.0869,1.08827,5725
1701658800000,1.08826,1.0886,1.0879,1.08798,5017
1701662400000,1.08801,1.0881,1.0868,1.08714,4158
1701666000000,1.08713,1.0873,1.0867,1.08692,4450
1701669600000,1.087,1.0877,1.0865,1.08688,5697
1701673200000,1.0868,1.0869,1.0848,1.08537,8483
1701676800000,1.08538,1.0873,1.0853,1.0864,10040
1701680400000,1.08638,1.0881,1.0861,1.08746,8676
1701684000000,1.08745,1.0876,1.0858,1.08681,7704
1701687600000,1.08677,1.0879,1.0866,1.08691,7255
1701691200000,1.08688,1.08725,1.0858,1.08691,7585
1701694800000,1.08692,1.0876,1.08527,1.08546,10710
1701698400000,1.08544,1.08552,1.08194,1.08397,13609
1701702000000,1.08375,1.08435,1.0803,1.08148,14583
1701705600000,1.08147,1.08246,1.081,1.08226,10785
1701709200000,1.08229,1.0827,1.0816,1.0824,7785
1701712800000,1.08256,1.08267,1.0813,1.08166,6782
1701716400000,1.08167,1.08292,1.0814,1.08277,5968
1701720000000,1.08278,1.0836,1.0825,1.08339,5929
1701723600000,1.08341,1.0837,1.0832,1.08357,3479
1701727200000,1.08357,1.0846,1.0825,1.08345,1702
1701730800000,1.08349,1.0838,1.08323,1.08374,2259
1701734400000,1.08373,1.08462,1.0835,1.08432,4877
1701738000000,1.08434,1.08444,1.0833,1.08389,6270
1701741600000,1.08393,1.0843,1.0833,1.08365,4916
1701745200000,1.08366,1.08431,1.0834,1.08404,4549
1701748800000,1.08401,1.0845,1.0838,1.0844,3139
1701752400000,1.08436,1.08473,1.0838,1.0845,3984
1701756000000,1.08473,1.08473,1.083,1.08338,5688
1701759600000,1.08341,1.08341,1.0803,1.08074,8808
1701763200000,1.08072,1.08344,1.0805,1.0834,10113
1701766800000,1.08334,1.08426,1.0829,1.0832,9061
1701770400000,1.08318,1.08397,1.0828,1.08321,8031
1701774000000,1.08319,1.08366,1.0813,1.08184,7668
1701777600000,1.08188,1.08216,1.0811,1.0814,7798
1701781200000,1.08141,1.08339,1.0813,1.08282,11086
1701784800000,1.08286,1.08303,1.08013,1.08086,12063
1701788400000,1.08089,1.08389,1.07982,1.08056,17094
1701792000000,1.08057,1.08132,1.0781,1.0786,11743
1701795600000,1.07865,1.0798,1.0784,1.0792,9365
1701799200000,1.07921,1.07932,1.0777,1.07844,7609
1701802800000,1.07849,1.0787,1.0779,1.07839,6792
1701806400000,1.07836,1.07977,1.078,1.07951,5678
1701810000000,1.0795,1.0799,1.0792,1.07952,2753
1701813600000,1.07952,1.0799,1.07847,1.0796,1992
1701817200000,1.0797,1.0798,1.0789,1.07933,2341
1701820800000,1.0794,1.0797,1.0788,1.07953,4155
1701824400000,1.0793,1.07985,1.0786,1.0792,5875
1701828000000,1.07919,1.0794,1.0786,1.07919,4526
1701831600000,1.07922,1.0799,1.079,1.07965,3803
1701835200000,1.07965,1.07995,1.0792,1.0793,3589
1701838800000,1.07942,1.0802,1.079,1.08008,4126
1701842400000,1.08012,1.08012,1.0786,1.07876,4130
1701846000000,1.0788,1.07932,1.0777,1.07902,7925
1701849600000,1.07899,1.0791,1.0773,1.07868,9975
1701853200000,1.07868,1.0798,1.0784,1.0791,9062
1701856800000,1.07908,1.0796,1.0786,1.07907,7928
1701860400000,1.07907,1.0791,1.0777,1.07797,7495
1701864000000,1.07799,1.07806,1.0771,1.07773,7477
1701867600000,1.07772,1.08,1.0775,1.0798,12676
1701871200000,1.07981,1.0805,1.0787,1.07948,12030
1701874800000,1.07949,1.08004,1.0784,1.079,12794
1701878400000,1.07901,1.08004,1.0782,1.07892,10499
1701882000000,1.07892,1.0792,1.078,1.07815,8385
1701885600000,1.07815,1.07843,1.077,1.07784,7167
1701889200000,1.07783,1.0779,1.0765,1.07684,6013
1701892800000,1.07683,1.07696,1.0757,1.07622,5935
1701896400000,1.07621,1.07661,1.076,1.0763,3736
1701900000000,1.0763,1.0777,1.0757,1.0767,2000
1701903600000,1.07682,1.0769,1.0763,1.07663,2447
1701907200000,1.07664,1.07722,1.0764,1.07685,4231
1701910800000,1.07685,1.07712,1.0763,1.0768,5898
1701914400000,1.07672,1.0771,1.076,1.07649,5306
1701918000000,1.07649,1.07656,1.0758,1.07592,4284
1701921600000,1.07596,1.0763,1.0756,1.07603,4137
1701925200000,1.0758,1.0763,1.0755,1.07613,4876
1701928800000,1.07616,1.0767,1.0757,1.07638,5932
1701932400000,1.07632,1.0782,1.07549,1.07809,9123
1701936000000,1.0781,1.0783,1.077,1.07802,11218
1701939600000,1.07803,1.0786,1.077,1.07797,9781
1701943200000,1.07797,1.07833,1.0762,1.07707,9803
1701946800000,1.07707,1.07773,1.0762,1.0769,8823
1701950400000,1.07707,1.07741,1.0758,1.07686,9180
1701954000000,1.07693,1.0798,1.076,1.07903,12889
1701957600000,1.07904,1.0792,1.0769,1.07697,13389
1701961200000,1.07702,1.07935,1.0766,1.0784,14403
1701964800000,1.0784,1.0796,1.0784,1.07937,11756
1701968400000,1.07933,1.08176,1.0788,1.08137,12080
1701972000000,1.08134,1.0814,1.0801,1.08055,9508
1701975600000,1.08053,1.08061,1.0796,1.07979,7461
1701979200000,1.07983,1.0804,1.0794,1.07952,5835
1701982800000,1.0795,1.0797,1.0789,1.07936,4252
1701986400000,1.07936,1.0798,1.07874,1.07913,2204
1701990000000,1.07935,1.0799,1.0788,1.07892,2986
1701993600000,1.07899,1.07978,1.0787,1.07959,6953
1701997200000,1.07959,1.08006,1.0784,1.07881,8309
1702000800000,1.07882,1.079,1.0782,1.07892,5818
1702004400000,1.07895,1.0796,1.0786,1.07916,5989
1702008000000,1.07917,1.0792,1.0781,1.07827,5407
1702011600000,1.07827,1.07893,1.0781,1.07836,5566
1702015200000,1.07838,1.07873,1.0777,1.07788,5724
1702018800000,1.07787,1.07824,1.0772,1.07791,8749
1702022400000,1.07792,1.07913,1.0775,1.07894,10500
1702026000000,1.07893,1.07894,1.0771,1.07769,9586
1702029600000,1.07768,1.079,1.0774,1.07841,8570
1702033200000,1.07841,1.07874,1.0776,1.07828,7919
1702036800000,1.07825,1.0786,1.0774,1.07774,8172
1702040400000,1.07773,1.07797,1.07232,1.07466,15161
1702044000000,1.07464,1.07532,1.07296,1.07463,16369
1702047600000,1.07473,1.07855,1.0747,1.07683,15688
1702051200000,1.07684,1.07704,1.0743,1.07448,11652
1702054800000,1.07447,1.07576,1.0739,1.0756,10219
1702058400000,1.0756,1.0763,1.0751,1.07572,8129
1702062000000,1.07571,1.07617,1.0755,1.07587,6828
1702065600000,1.07586,1.0767,1.0756,1.07635,7054
1702069200000,1.07636,1.0766,1.07562,1.0761,4032
1702072800000,1.0763,1.0772,1.0762,1.0772,33
1702231200000,1.07488,1.07491,1.07488,1.07491,2
1702234800000,1.07561,1.07561,1.07561,1.07561,1
1702238400000,1.07632,1.07632,1.07491,1.07491,6
1702242000000,1.07564,1.07622,1.07555,1.07589,46
1702245600000,1.07589,1.07615,1.0756,1.07607,252
1702249200000,1.07602,1.07673,1.07602,1.07647,1165
1702252800000,1.0765,1.0774,1.07645,1.07717,2928
1702256400000,1.07718,1.0774,1.0766,1.07674,5861
1702260000000,1.07673,1.0768,1.0762,1.07657,4722
1702263600000,1.07659,1.0768,1.0762,1.07649,3742
1702267200000,1.07647,1.0765,1.0759,1.0763,3146
1702270800000,1.0763,1.0769,1.0761,1.07677,3628
1702274400000,1.0768,1.0771,1.0765,1.07695,4375
1702278000000,1.07695,1.07695,1.0752,1.07558,8230
1702281600000,1.07553,1.07707,1.075,1.07652,9819
1702285200000,1.07652,1.0768,1.0757,1.07669,8332
1702288800000,1.07665,1.0779,1.0766,1.07731,7900
1702292400000,1.07729,1.07781,1.0762,1.07679,8085
1702296000000,1.07682,1.07703,1.0754,1.07612,7703
1702299600000,1.07609,1.07667,1.0751,1.07635,9207
1702303200000,1.07632,1.0764,1.0742,1.0753,10922
1702306800000,1.07531,1.076,1.0741,1.07439,10939
1702310400000,1.07443,1.075,1.0741,1.0746,9430
1702314000000,1.07459,1.07551,1.0742,1.07439,7828
1702317600000,1.0744,1.07651,1.0741,1.07634,8698
1702321200000,1.07636,1.077,1.0759,1.07612,7139
1702324800000,1.0761,1.0765,1.0759,1.07646,5483
1702328400000,1.07643,1.07651,1.0762,1.07641,5077
1702332000000,1.07641,1.0767,1.07567,1.07641,1695
1702335600000,1.07635,1.0766,1.0762,1.0765,1669
1702339200000,1.07654,1.07661,1.0762,1.07649,4209
1702342800000,1.07649,1.07693,1.0762,1.07645,5300
1702346400000,1.07648,1.07705,1.076,1.07616,4652
1702350000000,1.07615,1.07692,1.0759,1.07683,4119
1702353600000,1.0768,1.07694,1.0762,1.07651,3442
1702357200000,1.07651,1.0773,1.0763,1.07688,4192
1702360800000,1.0769,1.078,1.0767,1.0779,4374
1702364400000,1.07794,1.07833,1.0773,1.07779,7548
1702368000000,1.07778,1.0793,1.0772,1.07851,9502
1702371600000,1.07849,1.07978,1.0779,1.07933,8338
1702375200000,1.07933,1.08074,1.0791,1.08011,8221
1702378800000,1.08007,1.0802,1.0791,1.07965,6961
1702382400000,1.07964,1.0806,1.0794,1.07981,7231
1702386000000,1.0798,1.08282,1.0773,1.0776,14191
1702389600000,1.07763,1.08001,1.0766,1.07741,14462
1702393200000,1.07741,1.079,1.07687,1.07842,12260
1702396800000,1.07841,1.07933,1.0779,1.07888,9657
1702400400000,1.07888,1.0796,1.0783,1.07881,8504
1702404000000,1.07878,1.07988,1.0785,1.07932,8552
1702407600000,1.0793,1.0794,1.0786,1.07903,6120
1702411200000,1.07904,1.07983,1.0788,1.07971,6469
1702414800000,1.07965,1.07991,1.0792,1.07931,4782
1702418400000,1.07931,1.0798,1.07887,1.0794,1570
1702422000000,1.07962,1.0802,1.07937,1.0798,2133
1702425600000,1.07982,1.0801,1.079,1.07939,4297
1702429200000,1.07938,1.0796,1.0789,1.07934,4746
1702432800000,1.07933,1.0794,1.0783,1.07872,4613
1702436400000,1.07875,1.0789,1.0783,1.07872,3628
1702440000000,1.07874,1.079,1.0784,1.07861,3915
1702443600000,1.07864,1.07911,1.0785,1.079,3875
1702447200000,1.07898,1.07922,1.0779,1.07837,5278
1702450800000,1.07838,1.07888,1.0779,1.07852,7394
1702454400000,1.0785,1.07928,1.0781,1.07893,9448
1702458000000,1.07894,1.07918,1.0779,1.07875,8421
1702461600000,1.07874,1.07875,1.0771,1.07773,8062
1702465200000,1.07774,1.0785,1.0772,1.07837,7045
1702468800000,1.07837,1.07897,1.0779,1.07818,6816
1702472400000,1.0782,1.0804,1.078,1.08005,11413
1702476000000,1.08003,1.08091,1.0781,1.07909,12486
1702479600000,1.07908,1.07957,1.0783,1.07945,10673
1702483200000,1.07947,1.07968,1.0784,1.07917,8540
1702486800000,1.07921,1.0794,1.0781,1.07841,7031
1702490400000,1.07842,1.079,1.0778,1.07851,6949
1702494000000,1.0785,1.08914,1.07831,1.08876,19504
1702497600000,1.08879,1.08966,1.0864,1.08811,14374
1702501200000,1.0881,1.0884,1.08715,1.08715,6674
1702504800000,1.08715,1.0884,1.08671,1.0876,2178
1702508400000,1.08755,1.0886,1.08747,1.08827,3921
1702512000000,1.0883,1.08951,1.0878,1.08932,6947
1702515600000,1.08933,1.08982,1.0885,1.08965,8535
1702519200000,1.08965,1.09051,1.0892,1.09042,7282
1702522800000,1.09044,1.09153,1.0903,1.09058,7404
1702526400000,1.0906,1.09096,1.0897,1.0897,6516
1702530000000,1.08993,1.09,1.0892,1.08941,6541
1702533600000,1.08942,1.09032,1.0893,1.09013,6907
1702537200000,1.09014,1.0908,1.0879,1.08811,10704
1702540800000,1.08811,1.0905,1.0879,1.09018,13507
1702544400000,1.09017,1.0913,1.0899,1.0904,12311
1702548000000,1.09039,1.0915,1.0897,1.09134,9974
1702551600000,1.09134,1.0933,1.0912,1.09296,9743
1702555200000,1.09293,1.09398,1.0922,1.09236,11209
1702558800000,1.09236,1.09515,1.09038,1.09438,16544
1702562400000,1.09437,1.09924,1.09357,1.09909,15539
1702566000000,1.0991,1.09975,1.0967,1.09934,15950
1702569600000,1.09934,1.10032,1.099,1.09959,13054
1702573200000,1.09963,1.10091,1.0988,1.10048,10707
1702576800000,1.10043,1.1006,1.0981,1.0981,10354
1702580400000,1.09826,1.09952,1.0979,1.0992,9462
1702584000000,1.09921,1.0997,1.0987,1.09927,8505
1702587600000,1.09927,1.0994,1.0986,1.0992,5664
1702591200000,1.0992,1.0997,1.0987,1.09918,1964
1702594800000,1.09926,1.0998,1.0988,1.09933,3718
1702598400000,1.09932,1.09942,1.0975,1.0983,5959
1702602000000,1.09831,1.099,1.098,1.09845,6776
1702605600000,1.09844,1.0999,1.0983,1.0996,6205
1702609200000,1.09974,1.1002,1.0993,1.0999,5058
1702612800000,1.09986,1.1005,1.0995,1.09979,5301
1702616400000,1.09978,1.09981,1.0982,1.09842,6235
1702620000000,1.09841,1.0988,1.0979,1.0987,6296
1702623600000,1.0987,1.09953,1.0982,1.09936,8857
1702627200000,1.09934,1.09992,1.09457,1.09559,12638
1702630800000,1.09561,1.09673,1.0948,1.09604,10573
1702634400000,1.09604,1.09675,1.0955,1.09643,9224
1702638000000,1.09644,1.09694,1.0956,1.09684,8907
1702641600000,1.09681,1.09695,1.094,1.09432,8779
1702645200000,1.09434,1.09484,1.0903,1.09164,13840
1702648800000,1.09165,1.09285,1.091,1.09197,15425
1702652400000,1.09199,1.09229,1.0904,1.09157,13681
1702656000000,1.09158,1.09167,1.09,1.09052,11380
1702659600000,1.09053,1.09164,1.0903,1.09103,9532
1702663200000,1.09103,1.0911,1.0887,1.08937,10465
1702666800000,1.08936,1.09,1.0888,1.08995,9340
1702670400000,1.08994,1.09092,1.0893,1.08941,8643
1702674000000,1.08938,1.08964,1.0876,1.0893,5362
1702677600000,1.0895,1.0908,1.08851,1.0907,33
1702836000000,1.08898,1.08908,1.08898,1.08908,2
1702839600000,1.08939,1.08939,1.08929,1.08929,2
1702843200000,1.08949,1.08959,1.08949,1.08959,2
1702846800000,1.08959,1.09007,1.08959,1.09002,16
1702850400000,1.09002,1.09002,1.08938,1.08942,337
1702854000000,1.08944,1.08971,1.08916,1.08946,1303
1702857600000,1.08947,1.0901,1.08937,1.09002,2586
1702861200000,1.09002,1.0901,1.0893,1.08974,5218
1702864800000,1.08975,1.0906,1.0896,1.09037,4838
1702868400000,1.0904,1.0914,1.0901,1.0911,4577
1702872000000,1.09108,1.09131,1.0907,1.09125,3931
1702875600000,1.0913,1.0917,1.0909,1.09154,4946
1702879200000,1.09153,1.092,1.091,1.09184,4817
1702882800000,1.09181,1.093,1.0914,1.09216,7340
1702886400000,1.09214,1.09237,1.0914,1.09178,9947
1702890000000,1.09177,1.09285,1.0912,1.09195,9567
1702893600000,1.09197,1.09208,1.0907,1.09104,8348
1702897200000,1.09105,1.09137,1.0905,1.09127,7740
1702900800000,1.0913,1.09175,1.0908,1.09136,8044
1702904400000,1.09136,1.09291,1.0912,1.09208,10821
1702908000000,1.09213,1.0931,1.0919,1.09291,10874
1702911600000,1.09289,1.0931,1.091,1.09139,11588
1702915200000,1.09136,1.0925,1.0912,1.0919,10183
1702918800000,1.0919,1.0928,1.0917,1.09276,8145
1702922400000,1.09275,1.0928,1.0918,1.09228,7569
1702926000000,1.09231,1.09232,1.0911,1.09165,6765
1702929600000,1.09168,1.09196,1.0912,1.09192,6443
1702933200000,1.09194,1.0926,1.0916,1.0923,5105
1702936800000,1.0923,1.0926,1.0911,1.09196,1623
1702940400000,1.09211,1.09246,1.0918,1.09227,2755
1702944000000,1.09233,1.0925,1.0916,1.092,4920
1702947600000,1.09202,1.0926,1.0916,1.09183,5775
1702951200000,1.09185,1.0923,1.0913,1.09212,5943
1702954800000,1.09214,1.09292,1.0919,1.09254,5988
1702958400000,1.09254,1.0927,1.0918,1.0921,4723
1702962000000,1.09226,1.0929,1.0919,1.09276,4525
1702965600000,1.09279,1.09307,1.0921,1.09275,6800
1702969200000,1.09275,1.09413,1.0923,1.09282,9313
1702972800000,1.09282,1.0943,1.0926,1.09406,9953
1702976400000,1.09401,1.095,1.0937,1.09414,8585
1702980000000,1.09415,1.09453,1.0935,1.09378,8189
1702983600000,1.0938,1.094,1.0929,1.09372,7474
1702987200000,1.09371,1.09708,1.0936,1.0969,9214
1702990800000,1.09685,1.09735,1.0953,1.09619,10760
1702994400000,1.09619,1.09842,1.0958,1.09792,12158
1702998000000,1.0979,1.09874,1.0968,1.09858,12826
1703001600000,1.0986,1.09861,1.0972,1.09768,9848
1703005200000,1.09767,1.09794,1.0972,1.09748,7399
1703008800000,1.09748,1.09763,1.0968,1.09744,6839
1703012400000,1.09749,1.0978,1.0971,1.09761,6202
1703016000000,1.09764,1.09784,1.0971,1.09783,6310
1703019600000,1.09784,1.0981,1.0975,1.098,4869
1703023200000,1.098,1.0984,1.0952,1.09815,1446
1703026800000,1.09829,1.0984,1.0976,1.09791,2712
1703030400000,1.09793,1.09795,1.097,1.09732,4282
1703034000000,1.09728,1.09743,1.0966,1.09698,5504
1703037600000,1.09695,1.0973,1.0965,1.09702,4506
1703041200000,1.097,1.09714,1.0966,1.09699,3865
1703044800000,1.097,1.0971,1.0964,1.09686,3729
1703048400000,1.09683,1.09694,1.0963,1.09648,4136
1703052000000,1.09649,1.0965,1.0954,1.09591,4737
1703055600000,1.0959,1.09704,1.09505,1.09667,9253
1703059200000,1.09663,1.0972,1.0956,1.09607,10546
1703062800000,1.09608,1.09655,1.0952,1.09644,8672
1703066400000,1.09644,1.09653,1.0946,1.09525,7589
1703070000000,1.09528,1.09561,1.0934,1.09374,7575
1703073600000,1.09376,1.09421,1.0933,1.0937,8154
1703077200000,1.09367,1.0963,1.0934,1.09605,9970
1703080800000,1.09602,1.09722,1.0958,1.09705,10894
1703084400000,1.09707,1.0975,1.0953,1.09739,12609
1703088000000,1.0974,1.09756,1.0954,1.0956,9466
1703091600000,1.09562,1.09605,1.0948,1.09577,7696
1703095200000,1.09573,1.09636,1.09548,1.096,7277
1703098800000,1.09598,1.0961,1.09417,1.09465,8091
1703102400000,1.09464,1.09487,1.093,1.09316,10765
1703106000000,1.09316,1.0945,1.0928,1.09395,5265
1703109600000,1.09395,1.0946,1.09326,1.09425,2397
1703113200000,1.09434,1.0947,1.0941,1.0944,3002
1703116800000,1.09432,1.09501,1.0939,1.0949,4630
1703120400000,1.09498,1.09535,1.0947,1.09523,6243
1703124000000,1.09521,1.09541,1.0944,1.09492,5850
1703127600000,1.09494,1.095,1.0945,1.0949,4453
1703131200000,1.09487,1.09501,1.0946,1.09493,4261
1703134800000,1.09493,1.0956,1.0947,1.09545,4683
1703138400000,1.09544,1.0955,1.0941,1.09447,5335
1703142000000,1.0945,1.0951,1.0941,1.09467,7321
1703145600000,1.09469,1.0955,1.0937,1.09395,9524
1703149200000,1.09392,1.0947,1.0934,1.09439,8424
1703152800000,1.09436,1.09561,1.0938,1.09538,8654
1703156400000,1.09532,1.09848,1.0952,1.09799,9112
1703160000000,1.098,1.09871,1.0976,1.09806,8583
1703163600000,1.09805,1.10023,1.09717,1.0991,13042
1703167200000,1.09907,1.10011,1.0982,1.09921,13036
1703170800000,1.09921,1.0995,1.0974,1.09897,13705
1703174400000,1.09897,1.09947,1.0978,1.09895,11487
1703178000000,1.09899,1.09911,1.0977,1.09861,10668
1703181600000,1.09862,1.09912,1.0977,1.09894,10507
1703185200000,1.09898,1.10008,1.0987,1.09992,8890
1703188800000,1.09989,1.1004,1.0992,1.10028,8062
1703192400000,1.10028,1.1013,1.1001,1.10101,5618
1703196000000,1.10101,1.1013,1.09967,1.1006,1722
1703199600000,1.10079,1.1013,1.1004,1.10056,3472
1703203200000,1.10062,1.101,1.1002,1.10047,4690
1703206800000,1.10047,1.1007,1.0995,1.09976,5991
1703210400000,1.09979,1.1001,1.0994,1.1,4792
1703214000000,1.09998,1.1005,1.0994,1.0997,4642
1703217600000,1.09979,1.10035,1.0996,1.10003,4354
1703221200000,1.10006,1.1001,1.0994,1.09967,5011
1703224800000,1.09967,1.10002,1.09938,1.09939,4327
1703228400000,1.09939,1.1008,1.09938,1.10002,7923
1703232000000,1.10003,1.10119,1.0998,1.10065,10073
1703235600000,1.10072,1.1014,1.1001,1.10043,9248
1703239200000,1.10042,1.1022,1.1002,1.10194,8074
1703242800000,1.1019,1.10296,1.1015,1.10258,7903
1703246400000,1.10257,1.10381,1.1015,1.10187,8979
1703250000000,1.10193,1.1029,1.10007,1.10281,13266
1703253600000,1.10288,1.10401,1.1024,1.10359,12050
1703257200000,1.1037,1.10402,1.1007,1.10114,11964
1703260800000,1.10113,1.1024,1.1005,1.1007,10916
1703264400000,1.10071,1.10165,1.0998,1.10157,9751
1703268000000,1.10157,1.10192,1.101,1.10127,8126
1703271600000,1.10133,1.10156,1.1001,1.10155,8714
1703275200000,1.10157,1.1016,1.1006,1.10125,7019
1703278800000,1.1012,1.1016,1.10067,1.1012,4807
1703282400000,1.10118,1.1026,1.1008,1.1026,31
1703455200000,1.10118,1.10118,1.10118,1.10118,1
1703462400000,1.1016,1.102,1.09923,1.1002,273
1703466000000,1.1003,1.1012,1.09885,1.1006,592
1703469600000,1.10062,1.1008,1.09925,1.1003,619
1703473200000,1.1005,1.1013,1.09975,1.1011,714
1703476800000,1.1012,1.1012,1.099,1.1006,644
1703480400000,1.10076,1.1014,1.0998,1.101,1610
1703484000000,1.1011,1.1019,1.09968,1.1012,1064
1703487600000,1.1013,1.1022,1.09967,1.1011,701
1703491200000,1.10023,1.105,1.10023,1.1018,503
1703494800000,1.10144,1.1027,1.1013,1.1017,110
1703498400000,1.10143,1.104,1.10143,1.1033,220
1703502000000,1.10143,1.1033,1.1005,1.1013,314
1703505600000,1.1014,1.1032,1.1013,1.103,115
1703509200000,1.1033,1.1033,1.10143,1.103,33
1703512800000,1.1031,1.1038,1.10143,1.1033,26
1703516400000,1.1036,1.1039,1.1026,1.1037,7
1703520000000,1.1038,1.1041,1.1036,1.1039,8
1703523600000,1.1042,1.1086,1.10146,1.103,97
1703527200000,1.1031,1.1031,1.09958,1.10116,984
1703530800000,1.1013,1.102,1.09888,1.1008,931
1703534400000,1.10081,1.1018,1.10031,1.1008,813
1703538000000,1.1009,1.1025,1.1004,1.1015,878
1703541600000,1.1015,1.1025,1.1008,1.1014,828
1703545200000,1.10137,1.1024,1.10122,1.10183,2346
1703548800000,1.10186,1.102,1.1014,1.1018,2962
1703552400000,1.10189,1.1023,1.1016,1.10218,3893
1703556000000,1.10219,1.1027,1.1018,1.10258,3596
1703559600000,1.10259,1.103,1.1024,1.10275,3011
1703563200000,1.10276,1.1029,1.1021,1.10224,2608
1703566800000,1.10221,1.1027,1.1019,1.10265,3540
1703570400000,1.10265,1.1027,1.102,1.10236,3088
1703574000000,1.1024,1.10253,1.102,1.10223,4393
1703577600000,1.10224,1.1027,1.1012,1.10146,5039
1703581200000,1.10147,1.1015,1.1008,1.1014,4791
1703584800000,1.10139,1.102,1.1012,1.10163,4036
1703588400000,1.10162,1.1017,1.101,1.10137,4996
1703592000000,1.10136,1.1018,1.1007,1.10128,5344
1703595600000,1.10129,1.10244,1.101,1.10173,7837
1703599200000,1.10178,1.10272,1.1013,1.10263,8495
1703602800000,1.10264,1.1033,1.1022,1.10249,8268
1703606400000,1.10247,1.1038,1.1023,1.10345,6405
1703610000000,1.10343,1.10371,1.1029,1.10351,5965
1703613600000,1.10348,1.104,1.1032,1.10365,5918
1703617200000,1.10366,1.10452,1.1035,1.10444,5109
1703620800000,1.10444,1.1045,1.1039,1.10422,5652
1703624400000,1.10422,1.1044,1.1039,1.10412,4401
1703628000000,1.10412,1.1045,1.10378,1.10412,1390
1703631600000,1.10401,1.1045,1.104,1.1042,1926
1703635200000,1.10421,1.1043,1.1034,1.10365,4105
1703638800000,1.10366,1.10374,1.103,1.10362,5326
1703642400000,1.1036,1.1037,1.1028,1.10309,4708
1703646000000,1.10308,1.1037,1.1027,1.10365,3918
1703649600000,1.10365,1.10422,1.1035,1.10417,3832
1703653200000,1.1041,1.10441,1.1035,1.10432,3481
1703656800000,1.10436,1.10453,1.1039,1.10445,4484
1703660400000,1.10438,1.105,1.1035,1.10413,6576
1703664000000,1.10412,1.1055,1.1037,1.10465,8475
1703667600000,1.10469,1.1056,1.1045,1.10544,7091
1703671200000,1.1054,1.10593,1.105,1.10561,6472
1703674800000,1.1056,1.106,1.1049,1.10592,6262
1703678400000,1.10591,1.107,1.1047,1.10683,7293
1703682000000,1.10684,1.1074,1.106,1.10706,8777
1703685600000,1.10703,1.11055,1.1067,1.11044,10529
1703689200000,1.11045,1.11157,1.1098,1.11073,11570
1703692800000,1.11074,1.1123,1.11025,1.11127,10017
1703696400000,1.11124,1.1113,1.1102,1.11051,7397
1703700000000,1.11053,1.11092,1.11,1.11077,7566
1703703600000,1.11076,1.1114,1.1097,1.11015,7642
1703707200000,1.11016,1.11076,1.1099,1.11063,7034
1703710800000,1.11054,1.1108,1.1101,1.1104,5102
1703714400000,1.1104,1.1113,1.10908,1.11048,1556
1703718000000,1.11047,1.1111,1.1103,1.1107,2669
1703721600000,1.1108,1.1117,1.1106,1.11144,4149
1703725200000,1.11146,1.1122,1.1112,1.11214,5280
1703728800000,1.11218,1.11225,1.1108,1.11179,4917
1703732400000,1.11179,1.1121,1.1113,1.11183,4310
1703736000000,1.1118,1.1119,1.1108,1.11103,4179
1703739600000,1.11102,1.1118,1.1107,1.11093,4952
1703743200000,1.11088,1.11151,1.1103,1.11129,5352
1703746800000,1.11131,1.11257,1.1113,1.11167,7308
1703750400000,1.11166,1.1122,1.1103,1.11211,9552
1703754000000,1.11205,1.11395,1.1113,1.11293,9147
1703757600000,1.11292,1.11323,1.1121,1.11279,8146
1703761200000,1.1128,1.11324,1.1113,1.11194,7375
1703764800000,1.11199,1.112,1.1109,1.11124,7109
1703768400000,1.11125,1.112,1.1072,1.10732,10519
1703772000000,1.10734,1.11051,1.1071,1.11027,11801
1703775600000,1.11028,1.11133,1.1099,1.11067,12302
1703779200000,1.11064,1.11068,1.1068,1.10718,10931
1703782800000,1.10717,1.10765,1.1064,1.10738,8155
1703786400000,1.10737,1.1074,1.1054,1.1064,8651
1703790000000,1.10638,1.10661,1.1056,1.10645,7254
1703793600000,1.10645,1.1071,1.1062,1.10653,6988
1703797200000,1.10653,1.1066,1.10578,1.10578,4578
1703800800000,1.10578,1.1066,1.1054,1.10614,1146
1703804400000,1.1063,1.1068,1.106,1.10674,3611
1703808000000,1.10675,1.10788,1.1065,1.10762,5083
1703811600000,1.10763,1.1085,1.1074,1.10787,6092
1703815200000,1.10787,1.10792,1.1069,1.10715,4377
1703818800000,1.10716,1.1073,1.1062,1.1065,3849
1703822400000,1.10651,1.1069,1.1062,1.10664,3510
1703826000000,1.10665,1.1067,1.1059,1.10664,4399
1703829600000,1.10663,1.1075,1.1064,1.10734,5041
1703833200000,1.1073,1.10766,1.1063,1.10659,6034
1703836800000,1.10658,1.10775,1.1057,1.10605,8048
1703840400000,1.10608,1.1062,1.1044,1.10492,8496
1703844000000,1.10491,1.10671,1.1046,1.1063,7724
1703847600000,1.10651,1.10771,1.106,1.10763,7356
1703851200000,1.10764,1.10804,1.1046,1.10517,8265
1703854800000,1.10516,1.10588,1.1045,1.10485,9828
1703858400000,1.10484,1.10702,1.1045,1.10687,10623
1703862000000,1.10691,1.10787,1.10426,1.10469,13124
1703865600000,1.10472,1.10613,1.10427,1.10604,12091
1703869200000,1.10607,1.1067,1.1052,1.10639,9249
1703872800000,1.10637,1.1064,1.1048,1.10529,10022
1703876400000,1.10528,1.1054,1.1037,1.10407,7008
1703880000000,1.10405,1.1051,1.1037,1.10407,6629
1703883600000,1.1039,1.1041,1.1023,1.1036,4497
1704060000000,1.10353,1.10353,1.10353,1.10353,1
