[{"id":61,"annotations":[{"id":1,"completed_by":1,"result":[{"value":{"start":"2025-10-14 14:00","end":"2025-10-14 23:00","instant":false,"timeserieslabels":["Bullish Wedge"]},"id":"8kwZtbpE0s","from_name":"label","to_name":"ts","type":"timeserieslabels","origin":"manual"}],"was_cancelled":false,"ground_truth":false,"created_at":"2025-12-10T20:08:27.857329Z","updated_at":"2025-12-10T20:09:25.809786Z","draft_created_at":"2025-12-10T20:08:27.612767Z","lead_time":90.02199999999999,"prediction":{},"result_count":1,"unique_id":"3c7eb9f5-ac76-47c3-ad26-d4713ceae495","import_id":null,"last_action":null,"bulk_created":false,"task":61,"project":2,"updated_by":1,"parent_prediction":null,"parent_annotation":null,"last_created_by":null}],"file_upload":"daa4360f-EURUSD_1H_001.csv","drafts":[],"predictions":[],"data":{"csv":"\/data\/upload\/2\/daa4360f-EURUSD_1H_001.csv"},"meta":{},"created_at":"2025-12-10T20:06:58.703021Z","updated_at":"2025-12-10T20:09:26.239545Z","inner_id":1,"total_annotations":1,"cancelled_annotations":0,"total_predictions":0,"comment_count":0,"unresolved_comment_count":0,"last_comment_updated_at":null,"project":2,"updated_by":1,"comment_authors":[]},{"id":62,"annotations":[{"id":2,"completed_by":1,"result":[{"value":{"start":"2025-10-10 15:00","end":"2025-10-10 18:00","instant":false,"timeserieslabels":["Bearish Normal"]},"id":"M26J3--Otq","from_name":"label","to_name":"ts","type":"timeserieslabels","origin":"manual"}],"was_cancelled":false,"ground_truth":false,"created_at":"2025-12-10T20:10:01.659559Z","updated_at":"2025-12-10T20:10:01.659589Z","draft_created_at":"2025-12-10T20:09:54.233505Z","lead_time":28.081,"prediction":{},"result_count":1,"unique_id":"70359670-706b-4dfa-899d-5ec18d7d3417","import_id":null,"last_action":null,"bulk_created":false,"task":62,"project":2,"updated_by":1,"parent_prediction":null,"parent_annotation":null,"last_created_by":null}],"file_upload":"391b2181-EURUSD_1H_002.csv","drafts":[],"predictions":[],"data":{"csv":"\/data\/upload\/2\/391b2181-EURUSD_1H_002.csv"},"meta":{},"created_at":"2025-12-10T20:06:58.703291Z","updated_at":"2025-12-10T20:10:01.878897Z","inner_id":2,"total_annotations":1,"cancelled_annotations":0,"total_predictions":0,"comment_count":0,"unresolved_comment_count":0,"last_comment_updated_at":null,"project":2,"updated_by":1,"comment_authors":[]},{"id":63,"annotations":[{"id":3,"completed_by":1,"result":[{"value":{"start":"2025-10-09 05:00","end":"2025-10-09 12:00","instant":false,"timeserieslabels":["Bearish Pennant"]},"id":"9hX6pakH4W","from_name":"label","to_name":"ts","type":"timeserieslabels","origin":"manual"}],"was_cancelled":false,"ground_truth":false,"created_at":"2025-12-10T20:10:16.075854Z","updated_at":"2025-12-10T20:10:16.075891Z","draft_created_at":null,"lead_time":12.13,"prediction":{},"result_count":1,"unique_id":"70cb70bf-8467-4e73-b0e8-39a58d84945a","import_id":null,"last_action":null,"bulk_created":false,"task":63,"project":2,"updated_by":1,"parent_prediction":null,"parent_annotation":null,"last_created_by":null}],"file_upload":"e370032a-EURUSD_1H_003.csv","drafts":[],"predictions":[],"data":{"csv":"\/data\/upload\/2\/e370032a-EURUSD_1H_003.csv"},"meta":{},"created_at":"2025-12-10T20:06:58.703385Z","updated_at":"2025-12-10T20:10:16.267200Z","inner_id":3,"total_annotations":1,"cancelled_annotations":0,"total_predictions":0,"comment_count":0,"unresolved_comment_count":0,"last_comment_updated_at":null,"project":2,"updated_by":1,"comment_authors":[]},{"id":64,"annotations":[{"id":4,"completed_by":1,"result":[{"value":{"start":"2025-10-02 01:00","end":"2025-10-02 05:00","instant":false,"timeserieslabels":["Bearish Pennant"]},"id":"1bFdTgXugU","from_name":"label","to_name":"ts","type":"timeserieslabels","origin":"manual"}],"was_cancelled":false,"ground_truth":false,"created_at":"2025-12-10T20:10:32.158443Z","updated_at":"2025-12-10T20:10:32.158479Z","draft_created_at":null,"lead_time":9.727,"prediction":{},"result_count":1,"unique_id":"7dd712f1-3bb9-485c-9415-187c8e9e31ec","import_id":null,"last_action":null,"bulk_created":false,"task":64,"project":2,"updated_by":1,"parent_prediction":null,"parent_annotation":null,"last_created_by":null}],"file_upload":"38988edf-EURUSD_1H_004.csv","drafts":[],"predictions":[],"data":{"csv":"\/data\/upload\/2\/38988edf-EURUSD_1H_004.csv"},"meta":{},"created_at":"2025-12-10T20:06:58.703467Z","updated_at":"2025-12-10T20:10:32.366987Z","inner_id":4,"total_annotations":1,"cancelled_annotations":0,"total_predictions":0,"comment_count":0,"unresolved_comment_count":0,"last_comment_updated_at":null,"project":2,"updated_by":1,"comment_authors":[]},{"id":65,"annotations":[{"id":5,"completed_by":1,"result":[{"value":{"start":"2025-09-29 00:00","end":"2025-09-29 09:00","instant":false,"timeserieslabels":["Bullish Pennant"]},"id":"pzKG2GBOxA","from_name":"label","to_name":"ts","type":"timeserieslabels","origin":"manual"}],"was_cancelled":false,"ground_truth":false,"created_at":"2025-12-10T20:10:43.874424Z","updated_at":"2025-12-10T20:10:43.874457Z","draft_created_at":null,"lead_time":9.358,"prediction":{},"result_count":1,"unique_id":"dc6e50bc-6393-4e72-b3b1-893eb830cfac","import_id":null,"last_action":null,"bulk_created":false,"task":65,"project":2,"updated_by":1,"parent_prediction":null,"parent_annotation":null,"last_created_by":null}],"file_upload":"ff24815c-EURUSD_1H_005.csv","drafts":[],"predictions":[],"data":{"csv":"\/data\/upload\/2\/ff24815c-EURUSD_1H_005.csv"},"meta":{},"created_at":"2025-12-10T20:06:58.703538Z","updated_at":"2025-12-10T20:10:44.085350Z","inner_id":5,"total_annotations":1,"cancelled_annotations":0,"total_predictions":0,"comment_count":0,"unresolved_comment_count":0,"last_comment_updated_at":null,"project":2,"updated_by":1,"comment_authors":[]},{"id":66,"annotations":[{"id":6,"completed_by":1,"result":[{"value":{"start":"2025-09-24 08:00","end":"2025-09-25 04:00","instant":false,"timeserieslabels":["Bearish Normal"]},"id":"vWPPlUL-68","from_name":"label","to_name":"ts","type":"timeserieslabels","origin":"manual"}],"was_cancelled":false,"ground_truth":false,"created_at":"2025-12-10T20:11:23.798165Z","updated_at":"2025-12-10T20:11:23.798190Z","draft_created_at":null,"lead_time":36.802,"prediction":{},"result_count":1,"unique_id":"d7f105ff-b50e-4872-a528-4c809d8ad0a8","import_id":null,"last_action":null,"bulk_created":false,"task":66,"project":2,"updated_by":1,"parent_prediction":null,"parent_annotation":null,"last_created_by":null}],"file_upload":"9ab6042a-EURUSD_1H_006.csv","drafts":[],"predictions":[],"data":{"csv":"\/data\/upload\/2\/9ab6042a-EURUSD_1H_006.csv"},"meta":{},"created_at":"2025-12-10T20:06:58.703604Z","updated_at":"2025-12-10T20:11:23.990079Z","inner_id":6,"total_annotations":1,"cancelled_annotations":0,"total_predictions":0,"comment_count":0,"unresolved_comment_count":0,"last_comment_updated_at":null,"project":2,"updated_by":1,"comment_authors":[]},{"id":67,"annotations":[{"id":7,"completed_by":1,"result":[{"value":{"start":"2025-09-22 08:00","end":"2025-09-22 15:00","instant":false,"timeserieslabels":["Bullish Wedge"]},"id":"dDq41wLW1E","from_name":"label","to_name":"ts","type":"timeserieslabels","origin":"manual"}],"was_cancelled":false,"ground_truth":false,"created_at":"2025-12-10T20:11:39.719967Z","updated_at":"2025-12-10T20:11:39.720007Z","draft_created_at":null,"lead_time":13.181,"prediction":{},"result_count":1,"unique_id":"e8836b48-c109-46e0-aaa2-d4cffbd1bb12","import_id":null,"last_action":null,"bulk_created":false,"task":67,"project":2,"updated_by":1,"parent_prediction":null,"parent_annotation":null,"last_created_by":null}],"file_upload":"1d4b3218-EURUSD_1H_007.csv","drafts":[],"predictions":[],"data":{"csv":"\/data\/upload\/2\/1d4b3218-EURUSD_1H_007.csv"},"meta":{},"created_at":"2025-12-10T20:06:58.703667Z","updated_at":"2025-12-10T20:11:39.931034Z","inner_id":7,"total_annotations":1,"cancelled_annotations":0,"total_predictions":0,"comment_count":0,"unresolved_comment_count":0,"last_comment_updated_at":null,"project":2,"updated_by":1,"comment_authors":[]},{"id":68,"annotations":[{"id":8,"completed_by":1,"result":[{"value":{"start":"2025-09-19 13:00","end":"2025-09-21 22:00","instant":false,"timeserieslabels":["Bearish Pennant"]},"id":"9BoBjQV2ZA","from_name":"label","to_name":"ts","type":"timeserieslabels","origin":"manual"}],"was_cancelled":false,"ground_truth":false,"created_at":"2025-12-10T20:11:58.354440Z","updated_at":"2025-12-10T20:11:58.354476Z","draft_created_at":null,"lead_time":10.834,"prediction":{},"result_count":1,"unique_id":"0b8f6451-6bb5-40ef-ab36-8f41eceb3473","import_id":null,"last_action":null,"bulk_created":false,"task":68,"project":2,"updated_by":1,"parent_prediction":null,"parent_annotation":null,"last_created_by":null}],"file_upload":"41176324-EURUSD_1H_008.csv","drafts":[],"predictions":[],"data":{"csv":"\/data\/upload\/2\/41176324-EURUSD_1H_008.csv"},"meta":{},"created_at":"2025-12-10T20:06:58.703733Z","updated_at":"2025-12-10T20:11:58.536844Z","inner_id":8,"total_annotations":1,"cancelled_annotations":0,"total_predictions":0,"comment_count":0,"unresolved_comment_count":0,"last_comment_updated_at":null,"project":2,"updated_by":1,"comment_authors":[]},{"id":69,"annotations":[{"id":9,"completed_by":1,"result":[{"value":{"start":"2025-09-18 11:00","end":"2025-09-18 20:00","instant":false,"timeserieslabels":["Bearish Normal"]},"id":"WxRaHPfWmI","from_name":"label","to_name":"ts","type":"timeserieslabels","origin":"manual"}],"was_cancelled":false,"ground_truth":false,"created_at":"2025-12-10T20:12:14.947930Z","updated_at":"2025-12-10T20:12:14.947970Z","draft_created_at":null,"lead_time":12.208,"prediction":{},"result_count":1,"unique_id":"b2493b14-9878-4b92-91b7-8a2f10fa86c3","import_id":null,"last_action":null,"bulk_created":false,"task":69,"project":2,"updated_by":1,"parent_prediction":null,"parent_annotation":null,"last_created_by":null}],"file_upload":"d1c6b3ad-EURUSD_1H_009.csv","drafts":[],"predictions":[],"data":{"csv":"\/data\/upload\/2\/d1c6b3ad-EURUSD_1H_009.csv"},"meta":{},"created_at":"2025-12-10T20:06:58.703811Z","updated_at":"2025-12-10T20:12:15.131298Z","inner_id":9,"total_annotations":1,"cancelled_annotations":0,"total_predictions":0,"comment_count":0,"unresolved_comment_count":0,"last_comment_updated_at":null,"project":2,"updated_by":1,"comment_authors":[]},{"id":70,"annotations":[{"id":10,"completed_by":1,"result":[{"value":{"start":"2025-09-17 18:00","end":"2025-09-18 00:00","instant":false,"timeserieslabels":["Bearish Normal"]},"id":"7WT7-2E3eN","from_name":"label","to_name":"ts","type":"timeserieslabels","origin":"manual"}],"was_cancelled":false,"ground_truth":false,"created_at":"2025-12-10T20:12:26.311965Z","updated_at":"2025-12-10T20:12:26.311992Z","draft_created_at":null,"lead_time":4.444,"prediction":{},"result_count":1,"unique_id":"6102fa7f-854a-460e-b58b-0b86f4d704f2","import_id":null,"last_action":null,"bulk_created":false,"task":70,"project":2,"updated_by":1,"parent_prediction":null,"parent_annotation":null,"last_created_by":null}],"file_upload":"261c3476-EURUSD_1H_010.csv","drafts":[],"predictions":[],"data":{"csv":"\/data\/upload\/2\/261c3476-EURUSD_1H_010.csv"},"meta":{},"created_at":"2025-12-10T20:06:58.703886Z","updated_at":"2025-12-10T20:12:26.495137Z","inner_id":10,"total_annotations":1,"cancelled_annotations":0,"total_predictions":0,"comment_count":0,"unresolved_comment_count":0,"last_comment_updated_at":null,"project":2,"updated_by":1,"comment_authors":[]},{"id":71,"annotations":[{"id":11,"completed_by":1,"result":[{"value":{"start":"2025-09-15 07:00","end":"2025-09-15 16:00","instant":false,"timeserieslabels":["Bullish Pennant"]},"id":"q-SrJaQukp","from_name":"label","to_name":"ts","type":"timeserieslabels","origin":"manual"}],"was_cancelled":false,"ground_truth":false,"created_at":"2025-12-10T20:12:35.470772Z","updated_at":"2025-12-10T20:12:35.470809Z","draft_created_at":null,"lead_time":6.283,"prediction":{},"result_count":1,"unique_id":"905feb0b-797c-4e8d-9437-ee91d4ea445b","import_id":null,"last_action":null,"bulk_created":false,"task":71,"project":2,"updated_by":1,"parent_prediction":null,"parent_annotation":null,"last_created_by":null}],"file_upload":"70b4c3ea-EURUSD_1H_011.csv","drafts":[],"predictions":[],"data":{"csv":"\/data\/upload\/2\/70b4c3ea-EURUSD_1H_011.csv"},"meta":{},"created_at":"2025-12-10T20:06:58.703959Z","updated_at":"2025-12-10T20:12:35.639014Z","inner_id":11,"total_annotations":1,"cancelled_annotations":0,"total_predictions":0,"comment_count":0,"unresolved_comment_count":0,"last_comment_updated_at":null,"project":2,"updated_by":1,"comment_authors":[]},{"id":72,"annotations":[{"id":12,"completed_by":1,"result":[{"value":{"start":"2025-09-08 11:00","end":"2025-09-08 17:00","instant":false,"timeserieslabels":["Bullish Wedge"]},"id":"exb-lIRMeQ","from_name":"label","to_name":"ts","type":"timeserieslabels","origin":"manual"}],"was_cancelled":false,"ground_truth":false,"created_at":"2025-12-10T20:12:41.805120Z","updated_at":"2025-12-10T20:12:41.805160Z","draft_created_at":null,"lead_time":4.444,"prediction":{},"result_count":1,"unique_id":"bc237630-ec95-48a2-8e94-6a06a49da5a3","import_id":null,"last_action":null,"bulk_created":false,"task":72,"project":2,"updated_by":1,"parent_prediction":null,"parent_annotation":null,"last_created_by":null}],"file_upload":"e8f04a84-EURUSD_1H_012.csv","drafts":[],"predictions":[],"data":{"csv":"\/data\/upload\/2\/e8f04a84-EURUSD_1H_012.csv"},"meta":{},"created_at":"2025-12-10T20:06:58.704040Z","updated_at":"2025-12-10T20:12:42.054564Z","inner_id":12,"total_annotations":1,"cancelled_annotations":0,"total_predictions":0,"comment_count":0,"unresolved_comment_count":0,"last_comment_updated_at":null,"project":2,"updated_by":1,"comment_authors":[]},{"id":73,"annotations":[{"id":13,"completed_by":1,"result":[{"value":{"start":"2025-08-29 00:00","end":"2025-08-29 08:00","instant":false,"timeserieslabels":["Bearish Normal"]},"id":"ELL1h26E3T","from_name":"label","to_name":"ts","type":"timeserieslabels","origin":"manual"}],"was_cancelled":false,"ground_truth":false,"created_at":"2025-12-10T20:12:50.007347Z","updated_at":"2025-12-10T20:12:50.007391Z","draft_created_at":null,"lead_time":4.643,"prediction":{},"result_count":1,"unique_id":"a1f3cb15-1112-4b60-a68b-55560ccfa930","import_id":null,"last_action":null,"bulk_created":false,"task":73,"project":2,"updated_by":1,"parent_prediction":null,"parent_annotation":null,"last_created_by":null}],"file_upload":"dd207d72-EURUSD_1H_013.csv","drafts":[],"predictions":[],"data":{"csv":"\/data\/upload\/2\/dd207d72-EURUSD_1H_013.csv"},"meta":{},"created_at":"2025-12-10T20:06:58.704105Z","updated_at":"2025-12-10T20:12:50.267637Z","inner_id":13,"total_annotations":1,"cancelled_annotations":0,"total_predictions":0,"comment_count":0,"unresolved_comment_count":0,"last_comment_updated_at":null,"project":2,"updated_by":1,"comment_authors":[]},{"id":74,"annotations":[{"id":14,"completed_by":1,"result":[{"value":{"start":"2025-08-29 13:00","end":"2025-08-31 21:00","instant":false,"timeserieslabels":["Bullish Normal"]},"id":"M7IHMFjZ2c","from_name":"label","to_name":"ts","type":"timeserieslabels","origin":"manual"}],"was_cancelled":false,"ground_truth":false,"created_at":"2025-12-10T20:13:15.028647Z","updated_at":"2025-12-10T20:13:15.028688Z","draft_created_at":null,"lead_time":22.663,"prediction":{},"result_count":1,"unique_id":"4978cfba-aa18-4d5f-95d5-4cc8d24d0ab4","import_id":null,"last_action":null,"bulk_created":false,"task":74,"project":2,"updated_by":1,"parent_prediction":null,"parent_annotation":null,"last_created_by":null}],"file_upload":"9afdf6cf-EURUSD_1H_014.csv","drafts":[],"predictions":[],"data":{"csv":"\/data\/upload\/2\/9afdf6cf-EURUSD_1H_014.csv"},"meta":{},"created_at":"2025-12-10T20:06:58.704365Z","updated_at":"2025-12-10T20:13:15.240677Z","inner_id":14,"total_annotations":1,"cancelled_annotations":0,"total_predictions":0,"comment_count":0,"unresolved_comment_count":0,"last_comment_updated_at":null,"project":2,"updated_by":1,"comment_authors":[]},{"id":75,"annotations":[{"id":15,"completed_by":1,"result":[{"value":{"start":"2025-08-29 00:00","end":"2025-08-29 08:00","instant":false,"timeserieslabels":["Bearish Normal"]},"id":"4e59iNZnSb","from_name":"label","to_name":"ts","type":"timeserieslabels","origin":"manual"}],"was_cancelled":false,"ground_truth":false,"created_at":"2025-12-10T20:13:24.998203Z","updated_at":"2025-12-10T20:13:24.998241Z","draft_created_at":null,"lead_time":6.795,"prediction":{},"result_count":1,"unique_id":"0facc44e-309d-40da-965f-6f8e94f57e92","import_id":null,"last_action":null,"bulk_created":false,"task":75,"project":2,"updated_by":1,"parent_prediction":null,"parent_annotation":null,"last_created_by":null}],"file_upload":"ca95b4b4-EURUSD_1H_015.csv","drafts":[],"predictions":[],"data":{"csv":"\/data\/upload\/2\/ca95b4b4-EURUSD_1H_015.csv"},"meta":{},"created_at":"2025-12-10T20:06:58.704530Z","updated_at":"2025-12-10T20:13:25.160472Z","inner_id":15,"total_annotations":1,"cancelled_annotations":0,"total_predictions":0,"comment_count":0,"unresolved_comment_count":0,"last_comment_updated_at":null,"project":2,"updated_by":1,"comment_authors":[]},{"id":76,"annotations":[{"id":16,"completed_by":1,"result":[{"value":{"start":"2025-08-26 00:00","end":"2025-08-26 04:00","instant":false,"timeserieslabels":["Bearish Wedge"]},"id":"LL3lvdHd4c","from_name":"label","to_name":"ts","type":"timeserieslabels","origin":"manual"}],"was_cancelled":false,"ground_truth":false,"created_at":"2025-12-10T20:13:33.046022Z","updated_at":"2025-12-10T20:13:33.046064Z","draft_created_at":null,"lead_time":6.179,"prediction":{},"result_count":1,"unique_id":"a179d3d4-83c6-4ff3-add6-199515146c4c","import_id":null,"last_action":null,"bulk_created":false,"task":76,"project":2,"updated_by":1,"parent_prediction":null,"parent_annotation":null,"last_created_by":null}],"file_upload":"a181c69e-EURUSD_1H_016.csv","drafts":[],"predictions":[],"data":{"csv":"\/data\/upload\/2\/a181c69e-EURUSD_1H_016.csv"},"meta":{},"created_at":"2025-12-10T20:06:58.704620Z","updated_at":"2025-12-10T20:13:33.251574Z","inner_id":16,"total_annotations":1,"cancelled_annotations":0,"total_predictions":0,"comment_count":0,"unresolved_comment_count":0,"last_comment_updated_at":null,"project":2,"updated_by":1,"comment_authors":[]},{"id":77,"annotations":[{"id":17,"completed_by":1,"result":[{"value":{"start":"2025-08-21 13:00","end":"2025-08-21 22:00","instant":false,"timeserieslabels":["Bearish Pennant"]},"id":"e3XiJOA2o9","from_name":"label","to_name":"ts","type":"timeserieslabels","origin":"manual"}],"was_cancelled":false,"ground_truth":false,"created_at":"2025-12-10T20:13:47.855916Z","updated_at":"2025-12-10T20:13:47.855941Z","draft_created_at":null,"lead_time":9.415,"prediction":{},"result_count":1,"unique_id":"40e1341f-86e2-48b4-b50c-9c086233250c","import_id":null,"last_action":null,"bulk_created":false,"task":77,"project":2,"updated_by":1,"parent_prediction":null,"parent_annotation":null,"last_created_by":null}],"file_upload":"8189072e-EURUSD_1H_017.csv","drafts":[],"predictions":[],"data":{"csv":"\/data\/upload\/2\/8189072e-EURUSD_1H_017.csv"},"meta":{},"created_at":"2025-12-10T20:06:58.704687Z","updated_at":"2025-12-10T20:13:48.054854Z","inner_id":17,"total_annotations":1,"cancelled_annotations":0,"total_predictions":0,"comment_count":0,"unresolved_comment_count":0,"last_comment_updated_at":null,"project":2,"updated_by":1,"comment_authors":[]},{"id":78,"annotations":[{"id":18,"completed_by":1,"result":[{"value":{"start":"2025-08-15 12:00","end":"2025-08-15 20:00","instant":false,"timeserieslabels":["Bullish Normal"]},"id":"T7BrcK-sQ2","from_name":"label","to_name":"ts","type":"timeserieslabels","origin":"manual"}],"was_cancelled":false,"ground_truth":false,"created_at":"2025-12-10T20:13:54.299678Z","updated_at":"2025-12-10T20:13:54.299706Z","draft_created_at":null,"lead_time":4.378,"prediction":{},"result_count":1,"unique_id":"4661a5a3-1f34-4fba-bff5-547035feb476","import_id":null,"last_action":null,"bulk_created":false,"task":78,"project":2,"updated_by":1,"parent_prediction":null,"parent_annotation":null,"last_created_by":null}],"file_upload":"3bd9db67-EURUSD_1H_018.csv","drafts":[],"predictions":[],"data":{"csv":"\/data\/upload\/2\/3bd9db67-EURUSD_1H_018.csv"},"meta":{},"created_at":"2025-12-10T20:06:58.704757Z","updated_at":"2025-12-10T20:13:54.540779Z","inner_id":18,"total_annotations":1,"cancelled_annotations":0,"total_predictions":0,"comment_count":0,"unresolved_comment_count":0,"last_comment_updated_at":null,"project":2,"updated_by":1,"comment_authors":[]},{"id":79,"annotations":[{"id":19,"completed_by":1,"result":[{"value":{"start":"2025-08-12 13:00","end":"2025-08-12 22:00","instant":false,"timeserieslabels":["Bullish Pennant"]},"id":"-RrPfmAvLj","from_name":"label","to_name":"ts","type":"timeserieslabels","origin":"manual"}],"was_cancelled":false,"ground_truth":false,"created_at":"2025-12-10T20:14:05.103520Z","updated_at":"2025-12-10T20:14:05.103571Z","draft_created_at":null,"lead_time":7.651,"prediction":{},"result_count":1,"unique_id":"9c93c537-d2c8-4dae-b3cd-2e6ad7508e5c","import_id":null,"last_action":null,"bulk_created":false,"task":79,"project":2,"updated_by":1,"parent_prediction":null,"parent_annotation":null,"last_created_by":null}],"file_upload":"da95193c-EURUSD_1H_019.csv","drafts":[],"predictions":[],"data":{"csv":"\/data\/upload\/2\/da95193c-EURUSD_1H_019.csv"},"meta":{},"created_at":"2025-12-10T20:06:58.704822Z","updated_at":"2025-12-10T20:14:05.306641Z","inner_id":19,"total_annotations":1,"cancelled_annotations":0,"total_predictions":0,"comment_count":0,"unresolved_comment_count":0,"last_comment_updated_at":null,"project":2,"updated_by":1,"comment_authors":[]},{"id":80,"annotations":[{"id":20,"completed_by":1,"result":[{"value":{"start":"2025-08-11 11:00","end":"2025-08-11 20:00","instant":false,"timeserieslabels":["Bearish Wedge"]},"id":"1voWiJ6xZl","from_name":"label","to_name":"ts","type":"timeserieslabels","origin":"manual"}],"was_cancelled":false,"ground_truth":false,"created_at":"2025-12-10T20:14:12.609775Z","updated_at":"2025-12-10T20:14:12.609992Z","draft_created_at":null,"lead_time":5.609,"prediction":{},"result_count":1,"unique_id":"11ace80a-2c42-46f6-83c3-e92886662b84","import_id":null,"last_action":null,"bulk_created":false,"task":80,"project":2,"updated_by":1,"parent_prediction":null,"parent_annotation":null,"last_created_by":null}],"file_upload":"8843dd5e-EURUSD_1H_020.csv","drafts":[],"predictions":[],"data":{"csv":"\/data\/upload\/2\/8843dd5e-EURUSD_1H_020.csv"},"meta":{},"created_at":"2025-12-10T20:06:58.704893Z","updated_at":"2025-12-10T20:14:12.863342Z","inner_id":20,"total_annotations":1,"cancelled_annotations":0,"total_predictions":0,"comment_count":0,"unresolved_comment_count":0,"last_comment_updated_at":null,"project":2,"updated_by":1,"comment_authors":[]},{"id":81,"annotations":[{"id":21,"completed_by":1,"result":[{"value":{"start":"2025-08-06 17:00","end":"2025-08-07 02:00","instant":false,"timeserieslabels":["Bullish Wedge"]},"id":"amH0yckp_g","from_name":"label","to_name":"ts","type":"timeserieslabels","origin":"manual"}],"was_cancelled":false,"ground_truth":false,"created_at":"2025-12-10T20:14:20.094127Z","updated_at":"2025-12-10T20:14:20.094168Z","draft_created_at":null,"lead_time":4.757,"prediction":{},"result_count":1,"unique_id":"753a8542-a3b8-44b3-9106-f2b4225a1583","import_id":null,"last_action":null,"bulk_created":false,"task":81,"project":2,"updated_by":1,"parent_prediction":null,"parent_annotation":null,"last_created_by":null}],"file_upload":"aa28e932-EURUSD_1H_021.csv","drafts":[],"predictions":[],"data":{"csv":"\/data\/upload\/2\/aa28e932-EURUSD_1H_021.csv"},"meta":{},"created_at":"2025-12-10T20:06:58.704959Z","updated_at":"2025-12-10T20:14:20.295723Z","inner_id":21,"total_annotations":1,"cancelled_annotations":0,"total_predictions":0,"comment_count":0,"unresolved_comment_count":0,"last_comment_updated_at":null,"project":2,"updated_by":1,"comment_authors":[]},{"id":82,"annotations":[{"id":22,"completed_by":1,"result":[{"value":{"start":"2025-08-01 12:00","end":"2025-08-01 18:00","instant":false,"timeserieslabels":["Bullish Normal"]},"id":"9IJZvcuxDs","from_name":"label","to_name":"ts","type":"timeserieslabels","origin":"manual"}],"was_cancelled":false,"ground_truth":false,"created_at":"2025-12-10T20:14:27.437207Z","updated_at":"2025-12-10T20:14:27.437247Z","draft_created_at":null,"lead_time":4.01,"prediction":{},"result_count":1,"unique_id":"8ce48b86-15b2-4652-bb2e-03a1cede4b2c","import_id":null,"last_action":null,"bulk_created":false,"task":82,"project":2,"updated_by":1,"parent_prediction":null,"parent_annotation":null,"last_created_by":null}],"file_upload":"b359c202-EURUSD_1H_022.csv","drafts":[],"predictions":[],"data":{"csv":"\/data\/upload\/2\/b359c202-EURUSD_1H_022.csv"},"meta":{},"created_at":"2025-12-10T20:06:58.705021Z","updated_at":"2025-12-10T20:14:27.706918Z","inner_id":22,"total_annotations":1,"cancelled_annotations":0,"total_predictions":0,"comment_count":0,"unresolved_comment_count":0,"last_comment_updated_at":null,"project":2,"updated_by":1,"comment_authors":[]},{"id":83,"annotations":[{"id":23,"completed_by":1,"result":[{"value":{"start":"2025-07-28 15:00","end":"2025-07-29 00:00","instant":false,"timeserieslabels":["Bearish Wedge"]},"id":"d19Se5H7oB","from_name":"label","to_name":"ts","type":"timeserieslabels","origin":"manual"}],"was_cancelled":false,"ground_truth":false,"created_at":"2025-12-10T20:14:34.972896Z","updated_at":"2025-12-10T20:14:34.972923Z","draft_created_at":null,"lead_time":5.401,"prediction":{},"result_count":1,"unique_id":"fa022fa1-8700-42ce-9421-035ec6afdbcc","import_id":null,"last_action":null,"bulk_created":false,"task":83,"project":2,"updated_by":1,"parent_prediction":null,"parent_annotation":null,"last_created_by":null}],"file_upload":"41238e62-EURUSD_1H_023.csv","drafts":[],"predictions":[],"data":{"csv":"\/data\/upload\/2\/41238e62-EURUSD_1H_023.csv"},"meta":{},"created_at":"2025-12-10T20:06:58.705081Z","updated_at":"2025-12-10T20:14:35.162833Z","inner_id":23,"total_annotations":1,"cancelled_annotations":0,"total_predictions":0,"comment_count":0,"unresolved_comment_count":0,"last_comment_updated_at":null,"project":2,"updated_by":1,"comment_authors":[]},{"id":84,"annotations":[{"id":24,"completed_by":1,"result":[{"value":{"start":"2025-07-22 13:00","end":"2025-07-22 22:00","instant":false,"timeserieslabels":["Bullish Pennant"]},"id":"c5NyGnIMN3","from_name":"label","to_name":"ts","type":"timeserieslabels","origin":"manual"}],"was_cancelled":false,"ground_truth":false,"created_at":"2025-12-10T20:14:43.086320Z","updated_at":"2025-12-10T20:14:43.086352Z","draft_created_at":null,"lead_time":3.655,"prediction":{},"result_count":1,"unique_id":"ace19666-363d-475b-81d3-ca61fc65f6a5","import_id":null,"last_action":null,"bulk_created":false,"task":84,"project":2,"updated_by":1,"parent_prediction":null,"parent_annotation":null,"last_created_by":null}],"file_upload":"ce66bff6-EURUSD_1H_024.csv","drafts":[],"predictions":[],"data":{"csv":"\/data\/upload\/2\/ce66bff6-EURUSD_1H_024.csv"},"meta":{},"created_at":"2025-12-10T20:06:58.705146Z","updated_at":"2025-12-10T20:14:43.301481Z","inner_id":24,"total_annotations":1,"cancelled_annotations":0,"total_predictions":0,"comment_count":0,"unresolved_comment_count":0,"last_comment_updated_at":null,"project":2,"updated_by":1,"comment_authors":[]},{"id":85,"annotations":[{"id":25,"completed_by":1,"result":[{"value":{"start":"2025-07-21 14:00","end":"2025-07-21 23:00","instant":false,"timeserieslabels":["Bullish Wedge"]},"id":"YpRU_hw0F0","from_name":"label","to_name":"ts","type":"timeserieslabels","origin":"manual"}],"was_cancelled":false,"ground_truth":false,"created_at":"2025-12-10T20:14:51.259658Z","updated_at":"2025-12-10T20:14:51.259691Z","draft_created_at":null,"lead_time":4.586,"prediction":{},"result_count":1,"unique_id":"cd607fe7-cf51-4d40-83ed-04dcdfee6ed0","import_id":null,"last_action":null,"bulk_created":false,"task":85,"project":2,"updated_by":1,"parent_prediction":null,"parent_annotation":null,"last_created_by":null}],"file_upload":"eea30cab-EURUSD_1H_025.csv","drafts":[],"predictions":[],"data":{"csv":"\/data\/upload\/2\/eea30cab-EURUSD_1H_025.csv"},"meta":{},"created_at":"2025-12-10T20:06:58.705219Z","updated_at":"2025-12-10T20:14:51.464483Z","inner_id":25,"total_annotations":1,"cancelled_annotations":0,"total_predictions":0,"comment_count":0,"unresolved_comment_count":0,"last_comment_updated_at":null,"project":2,"updated_by":1,"comment_authors":[]},{"id":86,"annotations":[{"id":26,"completed_by":1,"result":[{"value":{"start":"2025-07-10 23:00","end":"2025-07-11 08:00","instant":false,"timeserieslabels":["Bearish Normal"]},"id":"RwIC7RxOst","from_name":"label","to_name":"ts","type":"timeserieslabels","origin":"manual"}],"was_cancelled":false,"ground_truth":false,"created_at":"2025-12-10T20:14:57.703861Z","updated_at":"2025-12-10T20:14:57.703892Z","draft_created_at":null,"lead_time":4.46,"prediction":{},"result_count":1,"unique_id":"94c25b36-fb0a-45ab-9e70-03e980bff02d","import_id":null,"last_action":null,"bulk_created":false,"task":86,"project":2,"updated_by":1,"parent_prediction":null,"parent_annotation":null,"last_created_by":null}],"file_upload":"9dd1a9f4-EURUSD_1H_026.csv","drafts":[],"predictions":[],"data":{"csv":"\/data\/upload\/2\/9dd1a9f4-EURUSD_1H_026.csv"},"meta":{},"created_at":"2025-12-10T20:06:58.705289Z","updated_at":"2025-12-10T20:14:57.957681Z","inner_id":26,"total_annotations":1,"cancelled_annotations":0,"total_predictions":0,"comment_count":0,"unresolved_comment_count":0,"last_comment_updated_at":null,"project":2,"updated_by":1,"comment_authors":[]},{"id":87,"annotations":[{"id":27,"completed_by":1,"result":[{"value":{"start":"2025-07-10 11:00","end":"2025-07-10 20:00","instant":false,"timeserieslabels":["Bearish Normal"]},"id":"SGC-CNgf0y","from_name":"label","to_name":"ts","type":"timeserieslabels","origin":"manual"}],"was_cancelled":false,"ground_truth":false,"created_at":"2025-12-10T20:15:04.092096Z","updated_at":"2025-12-10T20:15:04.092179Z","draft_created_at":null,"lead_time":4.127,"prediction":{},"result_count":1,"unique_id":"6da844cd-e3de-4a95-896c-dfdbdf22e123","import_id":null,"last_action":null,"bulk_created":false,"task":87,"project":2,"updated_by":1,"parent_prediction":null,"parent_annotation":null,"last_created_by":null}],"file_upload":"de535dbb-EURUSD_1H_027.csv","drafts":[],"predictions":[],"data":{"csv":"\/data\/upload\/2\/de535dbb-EURUSD_1H_027.csv"},"meta":{},"created_at":"2025-12-10T20:06:58.705373Z","updated_at":"2025-12-10T20:15:04.369197Z","inner_id":27,"total_annotations":1,"cancelled_annotations":0,"total_predictions":0,"comment_count":0,"unresolved_comment_count":0,"last_comment_updated_at":null,"project":2,"updated_by":1,"comment_authors":[]},{"id":88,"annotations":[{"id":28,"completed_by":1,"result":[{"value":{"start":"2025-07-07 07:00","end":"2025-07-07 14:00","instant":false,"timeserieslabels":["Bearish Wedge"]},"id":"32Rqawolxs","from_name":"label","to_name":"ts","type":"timeserieslabels","origin":"manual"}],"was_cancelled":false,"ground_truth":false,"created_at":"2025-12-10T20:15:14.201236Z","updated_at":"2025-12-10T20:15:14.201268Z","draft_created_at":null,"lead_time":5.122,"prediction":{},"result_count":1,"unique_id":"43564dbc-568d-4a89-83eb-422cbe6fbbc7","import_id":null,"last_action":null,"bulk_created":false,"task":88,"project":2,"updated_by":1,"parent_prediction":null,"parent_annotation":null,"last_created_by":null}],"file_upload":"603de1d1-EURUSD_1H_028.csv","drafts":[],"predictions":[],"data":{"csv":"\/data\/upload\/2\/603de1d1-EURUSD_1H_028.csv"},"meta":{},"created_at":"2025-12-10T20:06:58.705443Z","updated_at":"2025-12-10T20:15:14.446162Z","inner_id":28,"total_annotations":1,"cancelled_annotations":0,"total_predictions":0,"comment_count":0,"unresolved_comment_count":0,"last_comment_updated_at":null,"project":2,"updated_by":1,"comment_authors":[]},{"id":89,"annotations":[{"id":29,"completed_by":1,"result":[{"value":{"start":"2025-06-18 17:00","end":"2025-06-19 00:00","instant":false,"timeserieslabels":["Bearish Pennant"]},"id":"7WmYCr_lgg","from_name":"label","to_name":"ts","type":"timeserieslabels","origin":"manual"}],"was_cancelled":false,"ground_truth":false,"created_at":"2025-12-10T20:15:24.595400Z","updated_at":"2025-12-10T20:15:24.595432Z","draft_created_at":null,"lead_time":7.672,"prediction":{},"result_count":1,"unique_id":"1c34206c-d014-4dc2-8dfe-8251d572a2ad","import_id":null,"last_action":null,"bulk_created":false,"task":89,"project":2,"updated_by":1,"parent_prediction":null,"parent_annotation":null,"last_created_by":null}],"file_upload":"764d089b-EURUSD_1H_029.csv","drafts":[],"predictions":[],"data":{"csv":"\/data\/upload\/2\/764d089b-EURUSD_1H_029.csv"},"meta":{},"created_at":"2025-12-10T20:06:58.705511Z","updated_at":"2025-12-10T20:15:24.772820Z","inner_id":29,"total_annotations":1,"cancelled_annotations":0,"total_predictions":0,"comment_count":0,"unresolved_comment_count":0,"last_comment_updated_at":null,"project":2,"updated_by":1,"comment_authors":[]},{"id":90,"annotations":[{"id":30,"completed_by":1,"result":[{"value":{"start":"2025-06-13 14:00","end":"2025-06-16 01:00","instant":false,"timeserieslabels":["Bullish Normal"]},"id":"tuIRd697P5","from_name":"label","to_name":"ts","type":"timeserieslabels","origin":"manual"}],"was_cancelled":false,"ground_truth":false,"created_at":"2025-12-10T20:15:31.393611Z","updated_at":"2025-12-10T20:15:31.393646Z","draft_created_at":null,"lead_time":4.531,"prediction":{},"result_count":1,"unique_id":"1072a515-60ca-4110-b17b-97bf9b718666","import_id":null,"last_action":null,"bulk_created":false,"task":90,"project":2,"updated_by":1,"parent_prediction":null,"parent_annotation":null,"last_created_by":null}],"file_upload":"3a1fc25f-EURUSD_1H_030.csv","drafts":[],"predictions":[],"data":{"csv":"\/data\/upload\/2\/3a1fc25f-EURUSD_1H_030.csv"},"meta":{},"created_at":"2025-12-10T20:06:58.705575Z","updated_at":"2025-12-10T20:15:31.659454Z","inner_id":30,"total_annotations":1,"cancelled_annotations":0,"total_predictions":0,"comment_count":0,"unresolved_comment_count":0,"last_comment_updated_at":null,"project":2,"updated_by":1,"comment_authors":[]},{"id":91,"annotations":[{"id":31,"completed_by":1,"result":[{"value":{"start":"2025-05-27 06:00","end":"2025-05-27 13:00","instant":false,"timeserieslabels":["Bearish Wedge"]},"id":"Viqsc8DzUG","from_name":"label","to_name":"ts","type":"timeserieslabels","origin":"manual"}],"was_cancelled":false,"ground_truth":false,"created_at":"2025-12-10T20:15:39.385542Z","updated_at":"2025-12-10T20:15:39.385569Z","draft_created_at":null,"lead_time":5.255,"prediction":{},"result_count":1,"unique_id":"55bbda38-f285-4013-a24b-4e8ca1666695","import_id":null,"last_action":null,"bulk_created":false,"task":91,"project":2,"updated_by":1,"parent_prediction":null,"parent_annotation":null,"last_created_by":null}],"file_upload":"1bbe67d3-EURUSD_1H_031.csv","drafts":[],"predictions":[],"data":{"csv":"\/data\/upload\/2\/1bbe67d3-EURUSD_1H_031.csv"},"meta":{},"created_at":"2025-12-10T20:06:58.705640Z","updated_at":"2025-12-10T20:15:39.595994Z","inner_id":31,"total_annotations":1,"cancelled_annotations":0,"total_predictions":0,"comment_count":0,"unresolved_comment_count":0,"last_comment_updated_at":null,"project":2,"updated_by":1,"comment_authors":[]},{"id":92,"annotations":[{"id":32,"completed_by":1,"result":[{"value":{"start":"2025-04-11 07:00","end":"2025-04-11 16:00","instant":false,"timeserieslabels":["Bullish Wedge"]},"id":"jFXx-fPI44","from_name":"label","to_name":"ts","type":"timeserieslabels","origin":"manual"}],"was_cancelled":false,"ground_truth":false,"created_at":"2025-12-10T20:15:45.520579Z","updated_at":"2025-12-10T20:15:45.520637Z","draft_created_at":null,"lead_time":3.938,"prediction":{},"result_count":1,"unique_id":"62bf8a1c-ab05-47b0-b6c5-403e6c4504cc","import_id":null,"last_action":null,"bulk_created":false,"task":92,"project":2,"updated_by":1,"parent_prediction":null,"parent_annotation":null,"last_created_by":null}],"file_upload":"db0efea3-EURUSD_1H_032.csv","drafts":[],"predictions":[],"data":{"csv":"\/data\/upload\/2\/db0efea3-EURUSD_1H_032.csv"},"meta":{},"created_at":"2025-12-10T20:06:58.705700Z","updated_at":"2025-12-10T20:15:45.792316Z","inner_id":32,"total_annotations":1,"cancelled_annotations":0,"total_predictions":0,"comment_count":0,"unresolved_comment_count":0,"last_comment_updated_at":null,"project":2,"updated_by":1,"comment_authors":[]},{"id":93,"annotations":[{"id":33,"completed_by":1,"result":[{"value":{"start":"2025-04-08 07:00","end":"2025-04-08 13:00","instant":false,"timeserieslabels":["Bullish Normal"]},"id":"INC3u2gWWl","from_name":"label","to_name":"ts","type":"timeserieslabels","origin":"manual"}],"was_cancelled":false,"ground_truth":false,"created_at":"2025-12-10T20:15:54.223102Z","updated_at":"2025-12-10T20:15:54.223143Z","draft_created_at":null,"lead_time":5.714,"prediction":{},"result_count":1,"unique_id":"a1632727-48a5-4623-b31c-2508a11d4c54","import_id":null,"last_action":null,"bulk_created":false,"task":93,"project":2,"updated_by":1,"parent_prediction":null,"parent_annotation":null,"last_created_by":null}],"file_upload":"2bf5500e-EURUSD_1H_033.csv","drafts":[],"predictions":[],"data":{"csv":"\/data\/upload\/2\/2bf5500e-EURUSD_1H_033.csv"},"meta":{},"created_at":"2025-12-10T20:06:58.705774Z","updated_at":"2025-12-10T20:15:54.431852Z","inner_id":33,"total_annotations":1,"cancelled_annotations":0,"total_predictions":0,"comment_count":0,"unresolved_comment_count":0,"last_comment_updated_at":null,"project":2,"updated_by":1,"comment_authors":[]},{"id":94,"annotations":[{"id":34,"completed_by":1,"result":[{"value":{"start":"2025-03-28 13:00","end":"2025-03-30 21:00","instant":false,"timeserieslabels":["Bullish Normal"]},"id":"Uh8P1bCCn1","from_name":"label","to_name":"ts","type":"timeserieslabels","origin":"manual"}],"was_cancelled":false,"ground_truth":false,"created_at":"2025-12-10T20:16:02.924633Z","updated_at":"2025-12-10T20:16:02.924661Z","draft_created_at":null,"lead_time":6.096,"prediction":{},"result_count":1,"unique_id":"6b87344e-cb33-425a-8c27-67be504d259d","import_id":null,"last_action":null,"bulk_created":false,"task":94,"project":2,"updated_by":1,"parent_prediction":null,"parent_annotation":null,"last_created_by":null}],"file_upload":"69d1938b-EURUSD_1H_034.csv","drafts":[],"predictions":[],"data":{"csv":"\/data\/upload\/2\/69d1938b-EURUSD_1H_034.csv"},"meta":{},"created_at":"2025-12-10T20:06:58.705852Z","updated_at":"2025-12-10T20:16:03.153465Z","inner_id":34,"total_annotations":1,"cancelled_annotations":0,"total_predictions":0,"comment_count":0,"unresolved_comment_count":0,"last_comment_updated_at":null,"project":2,"updated_by":1,"comment_authors":[]},{"id":95,"annotations":[{"id":35,"completed_by":1,"result":[{"value":{"start":"2025-03-27 01:00","end":"2025-03-27 09:00","instant":false,"timeserieslabels":["Bullish Wedge"]},"id":"MBrh2P1Wla","from_name":"label","to_name":"ts","type":"timeserieslabels","origin":"manual"}],"was_cancelled":false,"ground_truth":false,"created_at":"2025-12-10T20:16:08.937942Z","updated_at":"2025-12-10T20:16:08.937975Z","draft_created_at":null,"lead_time":3.447,"prediction":{},"result_count":1,"unique_id":"db290159-7aaa-4f0d-b258-f5b4bd4c3cfe","import_id":null,"last_action":null,"bulk_created":false,"task":95,"project":2,"updated_by":1,"parent_prediction":null,"parent_annotation":null,"last_created_by":null}],"file_upload":"282ea7fe-EURUSD_1H_035.csv","drafts":[],"predictions":[],"data":{"csv":"\/data\/upload\/2\/282ea7fe-EURUSD_1H_035.csv"},"meta":{},"created_at":"2025-12-10T20:06:58.705926Z","updated_at":"2025-12-10T20:16:09.139086Z","inner_id":35,"total_annotations":1,"cancelled_annotations":0,"total_predictions":0,"comment_count":0,"unresolved_comment_count":0,"last_comment_updated_at":null,"project":2,"updated_by":1,"comment_authors":[]},{"id":96,"annotations":[{"id":36,"completed_by":1,"result":[{"value":{"start":"2025-03-20 08:00","end":"2025-03-20 17:00","instant":false,"timeserieslabels":["Bearish Wedge"]},"id":"zrN9vHzVo-","from_name":"label","to_name":"ts","type":"timeserieslabels","origin":"manual"}],"was_cancelled":false,"ground_truth":false,"created_at":"2025-12-10T20:16:16.414405Z","updated_at":"2025-12-10T20:16:16.414441Z","draft_created_at":null,"lead_time":4.629,"prediction":{},"result_count":1,"unique_id":"3261b6d9-b1e2-4bdf-b4d5-43a577319dbe","import_id":null,"last_action":null,"bulk_created":false,"task":96,"project":2,"updated_by":1,"parent_prediction":null,"parent_annotation":null,"last_created_by":null}],"file_upload":"74b9ca56-EURUSD_1H_036.csv","drafts":[],"predictions":[],"data":{"csv":"\/data\/upload\/2\/74b9ca56-EURUSD_1H_036.csv"},"meta":{},"created_at":"2025-12-10T20:06:58.705989Z","updated_at":"2025-12-10T20:16:16.663705Z","inner_id":36,"total_annotations":1,"cancelled_annotations":0,"total_predictions":0,"comment_count":0,"unresolved_comment_count":0,"last_comment_updated_at":null,"project":2,"updated_by":1,"comment_authors":[]},{"id":97,"annotations":[{"id":37,"completed_by":1,"result":[{"value":{"start":"2025-03-19 06:00","end":"2025-03-19 12:00","instant":false,"timeserieslabels":["Bearish Normal"]},"id":"SmaTz3LB7-","from_name":"label","to_name":"ts","type":"timeserieslabels","origin":"manual"}],"was_cancelled":false,"ground_truth":false,"created_at":"2025-12-10T20:16:23.395313Z","updated_at":"2025-12-10T20:16:23.395351Z","draft_created_at":null,"lead_time":4.566,"prediction":{},"result_count":1,"unique_id":"03d283a0-e3c0-413a-a970-ce73c7edfd87","import_id":null,"last_action":null,"bulk_created":false,"task":97,"project":2,"updated_by":1,"parent_prediction":null,"parent_annotation":null,"last_created_by":null}],"file_upload":"ce397bbb-EURUSD_1H_037.csv","drafts":[],"predictions":[],"data":{"csv":"\/data\/upload\/2\/ce397bbb-EURUSD_1H_037.csv"},"meta":{},"created_at":"2025-12-10T20:06:58.706056Z","updated_at":"2025-12-10T20:16:23.778037Z","inner_id":37,"total_annotations":1,"cancelled_annotations":0,"total_predictions":0,"comment_count":0,"unresolved_comment_count":0,"last_comment_updated_at":null,"project":2,"updated_by":1,"comment_authors":[]},{"id":98,"annotations":[{"id":38,"completed_by":1,"result":[{"value":{"start":"2025-03-14 09:00","end":"2025-03-17 03:00","instant":false,"timeserieslabels":["Bullish Normal"]},"id":"771smKUXHZ","from_name":"label","to_name":"ts","type":"timeserieslabels","origin":"manual"}],"was_cancelled":false,"ground_truth":false,"created_at":"2025-12-10T20:16:32.570366Z","updated_at":"2025-12-10T20:16:32.570400Z","draft_created_at":null,"lead_time":4.639,"prediction":{},"result_count":1,"unique_id":"ce90d003-530d-48d7-a3b3-8336ebb05a44","import_id":null,"last_action":null,"bulk_created":false,"task":98,"project":2,"updated_by":1,"parent_prediction":null,"parent_annotation":null,"last_created_by":null}],"file_upload":"bd1157c6-EURUSD_1H_038.csv","drafts":[],"predictions":[],"data":{"csv":"\/data\/upload\/2\/bd1157c6-EURUSD_1H_038.csv"},"meta":{},"created_at":"2025-12-10T20:06:58.706116Z","updated_at":"2025-12-10T20:16:32.777942Z","inner_id":38,"total_annotations":1,"cancelled_annotations":0,"total_predictions":0,"comment_count":0,"unresolved_comment_count":0,"last_comment_updated_at":null,"project":2,"updated_by":1,"comment_authors":[]},{"id":99,"annotations":[{"id":39,"completed_by":1,"result":[{"value":{"start":"2025-03-05 07:00","end":"2025-03-05 11:00","instant":false,"timeserieslabels":["Bullish Normal"]},"id":"AfzAvKLfxf","from_name":"label","to_name":"ts","type":"timeserieslabels","origin":"manual"}],"was_cancelled":false,"ground_truth":false,"created_at":"2025-12-10T20:16:39.686649Z","updated_at":"2025-12-10T20:16:39.686753Z","draft_created_at":null,"lead_time":4.759,"prediction":{},"result_count":1,"unique_id":"619f3f00-57de-484b-8fc7-3042fbce5741","import_id":null,"last_action":null,"bulk_created":false,"task":99,"project":2,"updated_by":1,"parent_prediction":null,"parent_annotation":null,"last_created_by":null}],"file_upload":"53017045-EURUSD_1H_039.csv","drafts":[],"predictions":[],"data":{"csv":"\/data\/upload\/2\/53017045-EURUSD_1H_039.csv"},"meta":{},"created_at":"2025-12-10T20:06:58.706195Z","updated_at":"2025-12-10T20:16:39.931294Z","inner_id":39,"total_annotations":1,"cancelled_annotations":0,"total_predictions":0,"comment_count":0,"unresolved_comment_count":0,"last_comment_updated_at":null,"project":2,"updated_by":1,"comment_authors":[]},{"id":100,"annotations":[{"id":40,"completed_by":1,"result":[{"value":{"start":"2025-02-26 02:00","end":"2025-02-26 08:00","instant":false,"timeserieslabels":["Bearish Wedge"]},"id":"eEmOm7mxF1","from_name":"label","to_name":"ts","type":"timeserieslabels","origin":"manual"}],"was_cancelled":false,"ground_truth":false,"created_at":"2025-12-10T20:16:47.905586Z","updated_at":"2025-12-10T20:16:47.905625Z","draft_created_at":null,"lead_time":5.672,"prediction":{},"result_count":1,"unique_id":"bbdf9ed9-d6c8-4524-aee3-cfd9d77aff4e","import_id":null,"last_action":null,"bulk_created":false,"task":100,"project":2,"updated_by":1,"parent_prediction":null,"parent_annotation":null,"last_created_by":null}],"file_upload":"1a964c02-EURUSD_1H_040.csv","drafts":[],"predictions":[],"data":{"csv":"\/data\/upload\/2\/1a964c02-EURUSD_1H_040.csv"},"meta":{},"created_at":"2025-12-10T20:06:58.706254Z","updated_at":"2025-12-10T20:16:48.157594Z","inner_id":40,"total_annotations":1,"cancelled_annotations":0,"total_predictions":0,"comment_count":0,"unresolved_comment_count":0,"last_comment_updated_at":null,"project":2,"updated_by":1,"comment_authors":[]},{"id":101,"annotations":[{"id":41,"completed_by":1,"result":[{"value":{"start":"2025-02-19 08:00","end":"2025-02-19 13:00","instant":false,"timeserieslabels":["Bearish Normal"]},"id":"uYnnWGGLYX","from_name":"label","to_name":"ts","type":"timeserieslabels","origin":"manual"}],"was_cancelled":false,"ground_truth":false,"created_at":"2025-12-10T20:16:53.475274Z","updated_at":"2025-12-10T20:16:53.475408Z","draft_created_at":null,"lead_time":3.332,"prediction":{},"result_count":1,"unique_id":"0d596076-a8d5-4fae-8e5c-a85f1174b3d7","import_id":null,"last_action":null,"bulk_created":false,"task":101,"project":2,"updated_by":1,"parent_prediction":null,"parent_annotation":null,"last_created_by":null}],"file_upload":"495d5d37-EURUSD_1H_041.csv","drafts":[],"predictions":[],"data":{"csv":"\/data\/upload\/2\/495d5d37-EURUSD_1H_041.csv"},"meta":{},"created_at":"2025-12-10T20:06:58.706313Z","updated_at":"2025-12-10T20:16:53.695777Z","inner_id":41,"total_annotations":1,"cancelled_annotations":0,"total_predictions":0,"comment_count":0,"unresolved_comment_count":0,"last_comment_updated_at":null,"project":2,"updated_by":1,"comment_authors":[]},{"id":102,"annotations":[{"id":42,"completed_by":1,"result":[{"value":{"start":"2025-02-14 11:00","end":"2025-02-14 20:00","instant":false,"timeserieslabels":["Bullish Normal"]},"id":"vQQUiD00JS","from_name":"label","to_name":"ts","type":"timeserieslabels","origin":"manual"}],"was_cancelled":false,"ground_truth":false,"created_at":"2025-12-10T20:17:02.303445Z","updated_at":"2025-12-10T20:17:02.303510Z","draft_created_at":null,"lead_time":6.51,"prediction":{},"result_count":1,"unique_id":"918c49bc-a8ce-473d-8690-1aa5ab9f21de","import_id":null,"last_action":null,"bulk_created":false,"task":102,"project":2,"updated_by":1,"parent_prediction":null,"parent_annotation":null,"last_created_by":null}],"file_upload":"82bab145-EURUSD_1H_042.csv","drafts":[],"predictions":[],"data":{"csv":"\/data\/upload\/2\/82bab145-EURUSD_1H_042.csv"},"meta":{},"created_at":"2025-12-10T20:06:58.706375Z","updated_at":"2025-12-10T20:17:02.489593Z","inner_id":42,"total_annotations":1,"cancelled_annotations":0,"total_predictions":0,"comment_count":0,"unresolved_comment_count":0,"last_comment_updated_at":null,"project":2,"updated_by":1,"comment_authors":[]},{"id":103,"annotations":[{"id":43,"completed_by":1,"result":[{"value":{"start":"2025-02-13 18:00","end":"2025-02-14 03:00","instant":false,"timeserieslabels":["Bullish Normal"]},"id":"IgALru4_kc","from_name":"label","to_name":"ts","type":"timeserieslabels","origin":"manual"}],"was_cancelled":false,"ground_truth":false,"created_at":"2025-12-10T20:17:07.772919Z","updated_at":"2025-12-10T20:17:07.772959Z","draft_created_at":null,"lead_time":3.034,"prediction":{},"result_count":1,"unique_id":"dbf5887c-879e-4e65-a913-df53fb5f5f28","import_id":null,"last_action":null,"bulk_created":false,"task":103,"project":2,"updated_by":1,"parent_prediction":null,"parent_annotation":null,"last_created_by":null}],"file_upload":"5284a802-EURUSD_1H_043.csv","drafts":[],"predictions":[],"data":{"csv":"\/data\/upload\/2\/5284a802-EURUSD_1H_043.csv"},"meta":{},"created_at":"2025-12-10T20:06:58.706578Z","updated_at":"2025-12-10T20:17:07.987756Z","inner_id":43,"total_annotations":1,"cancelled_annotations":0,"total_predictions":0,"comment_count":0,"unresolved_comment_count":0,"last_comment_updated_at":null,"project":2,"updated_by":1,"comment_authors":[]},{"id":104,"annotations":[{"id":44,"completed_by":1,"result":[{"value":{"start":"2025-01-24 07:00","end":"2025-01-24 12:00","instant":false,"timeserieslabels":["Bullish Wedge"]},"id":"uE6XXRLORk","from_name":"label","to_name":"ts","type":"timeserieslabels","origin":"manual"}],"was_cancelled":false,"ground_truth":false,"created_at":"2025-12-10T20:17:13.902215Z","updated_at":"2025-12-10T20:17:13.902247Z","draft_created_at":null,"lead_time":3.802,"prediction":{},"result_count":1,"unique_id":"20f0ad10-975f-4909-95dd-03241b1ace2b","import_id":null,"last_action":null,"bulk_created":false,"task":104,"project":2,"updated_by":1,"parent_prediction":null,"parent_annotation":null,"last_created_by":null}],"file_upload":"66ae78d6-EURUSD_1H_044.csv","drafts":[],"predictions":[],"data":{"csv":"\/data\/upload\/2\/66ae78d6-EURUSD_1H_044.csv"},"meta":{},"created_at":"2025-12-10T20:06:58.706665Z","updated_at":"2025-12-10T20:17:14.128069Z","inner_id":44,"total_annotations":1,"cancelled_annotations":0,"total_predictions":0,"comment_count":0,"unresolved_comment_count":0,"last_comment_updated_at":null,"project":2,"updated_by":1,"comment_authors":[]},{"id":105,"annotations":[{"id":45,"completed_by":1,"result":[{"value":{"start":"2025-01-21 12:00","end":"2025-01-21 21:00","instant":false,"timeserieslabels":["Bullish Wedge"]},"id":"G_53rwNiiN","from_name":"label","to_name":"ts","type":"timeserieslabels","origin":"manual"}],"was_cancelled":false,"ground_truth":false,"created_at":"2025-12-10T20:17:25.709515Z","updated_at":"2025-12-10T20:17:25.709547Z","draft_created_at":null,"lead_time":9.567,"prediction":{},"result_count":1,"unique_id":"d1b1f7a6-6808-4135-8568-bcc25a661df9","import_id":null,"last_action":null,"bulk_created":false,"task":105,"project":2,"updated_by":1,"parent_prediction":null,"parent_annotation":null,"last_created_by":null}],"file_upload":"7638ad03-EURUSD_1H_045.csv","drafts":[],"predictions":[],"data":{"csv":"\/data\/upload\/2\/7638ad03-EURUSD_1H_045.csv"},"meta":{},"created_at":"2025-12-10T20:06:58.706738Z","updated_at":"2025-12-10T20:17:25.868145Z","inner_id":45,"total_annotations":1,"cancelled_annotations":0,"total_predictions":0,"comment_count":0,"unresolved_comment_count":0,"last_comment_updated_at":null,"project":2,"updated_by":1,"comment_authors":[]},{"id":106,"annotations":[{"id":46,"completed_by":1,"result":[{"value":{"start":"2025-01-20 12:00","end":"2025-01-20 17:00","instant":false,"timeserieslabels":["Bullish Normal"]},"id":"d-dHxZEdnU","from_name":"label","to_name":"ts","type":"timeserieslabels","origin":"manual"}],"was_cancelled":false,"ground_truth":false,"created_at":"2025-12-10T20:17:30.971564Z","updated_at":"2025-12-10T20:17:30.971613Z","draft_created_at":null,"lead_time":3.284,"prediction":{},"result_count":1,"unique_id":"1c5fafbb-9a0b-4b3e-8feb-555253b4e492","import_id":null,"last_action":null,"bulk_created":false,"task":106,"project":2,"updated_by":1,"parent_prediction":null,"parent_annotation":null,"last_created_by":null}],"file_upload":"1e03cbd1-EURUSD_1H_046.csv","drafts":[],"predictions":[],"data":{"csv":"\/data\/upload\/2\/1e03cbd1-EURUSD_1H_046.csv"},"meta":{},"created_at":"2025-12-10T20:06:58.706816Z","updated_at":"2025-12-10T20:17:31.284644Z","inner_id":46,"total_annotations":1,"cancelled_annotations":0,"total_predictions":0,"comment_count":0,"unresolved_comment_count":0,"last_comment_updated_at":null,"project":2,"updated_by":1,"comment_authors":[]},{"id":107,"annotations":[{"id":47,"completed_by":1,"result":[{"value":{"start":"2025-01-08 06:00","end":"2025-01-08 15:00","instant":false,"timeserieslabels":["Bearish Wedge"]},"id":"TkwlbmTEDA","from_name":"label","to_name":"ts","type":"timeserieslabels","origin":"manual"}],"was_cancelled":false,"ground_truth":false,"created_at":"2025-12-10T20:17:38.920258Z","updated_at":"2025-12-10T20:17:38.920307Z","draft_created_at":null,"lead_time":5.125,"prediction":{},"result_count":1,"unique_id":"f5ca374a-3569-46c3-ada2-7f135ce32ae2","import_id":null,"last_action":null,"bulk_created":false,"task":107,"project":2,"updated_by":1,"parent_prediction":null,"parent_annotation":null,"last_created_by":null}],"file_upload":"dd33043d-EURUSD_1H_047.csv","drafts":[],"predictions":[],"data":{"csv":"\/data\/upload\/2\/dd33043d-EURUSD_1H_047.csv"},"meta":{},"created_at":"2025-12-10T20:06:58.706890Z","updated_at":"2025-12-10T20:17:39.177894Z","inner_id":47,"total_annotations":1,"cancelled_annotations":0,"total_predictions":0,"comment_count":0,"unresolved_comment_count":0,"last_comment_updated_at":null,"project":2,"updated_by":1,"comment_authors":[]},{"id":108,"annotations":[{"id":48,"completed_by":1,"result":[{"value":{"start":"2025-01-06 10:00","end":"2025-01-06 19:00","instant":false,"timeserieslabels":["Bullish Normal"]},"id":"4IGrvvTe9m","from_name":"label","to_name":"ts","type":"timeserieslabels","origin":"manual"}],"was_cancelled":false,"ground_truth":false,"created_at":"2025-12-10T20:17:46.591421Z","updated_at":"2025-12-10T20:17:46.591460Z","draft_created_at":null,"lead_time":4.518,"prediction":{},"result_count":1,"unique_id":"5cfc05dc-f92b-4a05-94e8-1424683c0cac","import_id":null,"last_action":null,"bulk_created":false,"task":108,"project":2,"updated_by":1,"parent_prediction":null,"parent_annotation":null,"last_created_by":null}],"file_upload":"aea9fb79-EURUSD_1H_048.csv","drafts":[],"predictions":[],"data":{"csv":"\/data\/upload\/2\/aea9fb79-EURUSD_1H_048.csv"},"meta":{},"created_at":"2025-12-10T20:06:58.706955Z","updated_at":"2025-12-10T20:17:46.781084Z","inner_id":48,"total_annotations":1,"cancelled_annotations":0,"total_predictions":0,"comment_count":0,"unresolved_comment_count":0,"last_comment_updated_at":null,"project":2,"updated_by":1,"comment_authors":[]},{"id":109,"annotations":[{"id":49,"completed_by":1,"result":[{"value":{"start":"2024-12-30 12:00","end":"2024-12-31 08:00","instant":false,"timeserieslabels":["Bearish Normal"]},"id":"CjFH2VUFAN","from_name":"label","to_name":"ts","type":"timeserieslabels","origin":"manual"}],"was_cancelled":false,"ground_truth":false,"created_at":"2025-12-10T20:21:37.131594Z","updated_at":"2025-12-10T20:21:37.131639Z","draft_created_at":null,"lead_time":227.878,"prediction":{},"result_count":1,"unique_id":"fefb6482-da5f-4e37-aef9-54309b56afc2","import_id":null,"last_action":null,"bulk_created":false,"task":109,"project":2,"updated_by":1,"parent_prediction":null,"parent_annotation":null,"last_created_by":null}],"file_upload":"5f6a0ac4-EURUSD_1H_049.csv","drafts":[],"predictions":[],"data":{"csv":"\/data\/upload\/2\/5f6a0ac4-EURUSD_1H_049.csv"},"meta":{},"created_at":"2025-12-10T20:06:58.707024Z","updated_at":"2025-12-10T20:21:37.342630Z","inner_id":49,"total_annotations":1,"cancelled_annotations":0,"total_predictions":0,"comment_count":0,"unresolved_comment_count":0,"last_comment_updated_at":null,"project":2,"updated_by":1,"comment_authors":[]},{"id":110,"annotations":[{"id":50,"completed_by":1,"result":[{"value":{"start":"2024-12-18 18:00","end":"2024-12-19 09:00","instant":false,"timeserieslabels":["Bearish Wedge"]},"id":"fLsxzL3K66","from_name":"label","to_name":"ts","type":"timeserieslabels","origin":"manual"}],"was_cancelled":false,"ground_truth":false,"created_at":"2025-12-10T20:21:49.242614Z","updated_at":"2025-12-10T20:21:49.242645Z","draft_created_at":null,"lead_time":9.473,"prediction":{},"result_count":1,"unique_id":"8f1db693-170d-4d17-8012-6df10c8f7f40","import_id":null,"last_action":null,"bulk_created":false,"task":110,"project":2,"updated_by":1,"parent_prediction":null,"parent_annotation":null,"last_created_by":null}],"file_upload":"561e337e-EURUSD_1H_050.csv","drafts":[],"predictions":[],"data":{"csv":"\/data\/upload\/2\/561e337e-EURUSD_1H_050.csv"},"meta":{},"created_at":"2025-12-10T20:06:58.707088Z","updated_at":"2025-12-10T20:21:49.547605Z","inner_id":50,"total_annotations":1,"cancelled_annotations":0,"total_predictions":0,"comment_count":0,"unresolved_comment_count":0,"last_comment_updated_at":null,"project":2,"updated_by":1,"comment_authors":[]},{"id":111,"annotations":[{"id":51,"completed_by":1,"result":[{"value":{"start":"2024-12-05 12:00","end":"2024-12-05 17:00","instant":false,"timeserieslabels":["Bullish Normal"]},"id":"0jYlNdZVmI","from_name":"label","to_name":"ts","type":"timeserieslabels","origin":"manual"}],"was_cancelled":false,"ground_truth":false,"created_at":"2025-12-10T20:23:02.645743Z","updated_at":"2025-12-10T20:23:02.645774Z","draft_created_at":null,"lead_time":5.141,"prediction":{},"result_count":1,"unique_id":"df23c967-55bf-4d53-b447-d581588fe49c","import_id":null,"last_action":null,"bulk_created":false,"task":111,"project":2,"updated_by":1,"parent_prediction":null,"parent_annotation":null,"last_created_by":null}],"file_upload":"5ff354fc-EURUSD_1H_051.csv","drafts":[],"predictions":[],"data":{"csv":"\/data\/upload\/2\/5ff354fc-EURUSD_1H_051.csv"},"meta":{},"created_at":"2025-12-10T20:22:30.189640Z","updated_at":"2025-12-10T20:23:02.833857Z","inner_id":51,"total_annotations":1,"cancelled_annotations":0,"total_predictions":0,"comment_count":0,"unresolved_comment_count":0,"last_comment_updated_at":null,"project":2,"updated_by":1,"comment_authors":[]},{"id":112,"annotations":[{"id":52,"completed_by":1,"result":[{"value":{"start":"2024-12-02 06:00","end":"2024-12-02 10:00","instant":false,"timeserieslabels":["Bearish Wedge"]},"id":"-6Sv3d5ZUX","from_name":"label","to_name":"ts","type":"timeserieslabels","origin":"manual"}],"was_cancelled":false,"ground_truth":false,"created_at":"2025-12-10T20:23:09.379582Z","updated_at":"2025-12-10T20:23:09.379635Z","draft_created_at":null,"lead_time":4.717,"prediction":{},"result_count":1,"unique_id":"143ac9e1-931d-4988-b3ab-12c75b643d4a","import_id":null,"last_action":null,"bulk_created":false,"task":112,"project":2,"updated_by":1,"parent_prediction":null,"parent_annotation":null,"last_created_by":null}],"file_upload":"7c139c5b-EURUSD_1H_052.csv","drafts":[],"predictions":[],"data":{"csv":"\/data\/upload\/2\/7c139c5b-EURUSD_1H_052.csv"},"meta":{},"created_at":"2025-12-10T20:22:30.189761Z","updated_at":"2025-12-10T20:23:09.659682Z","inner_id":52,"total_annotations":1,"cancelled_annotations":0,"total_predictions":0,"comment_count":0,"unresolved_comment_count":0,"last_comment_updated_at":null,"project":2,"updated_by":1,"comment_authors":[]},{"id":113,"annotations":[{"id":53,"completed_by":1,"result":[{"value":{"start":"2024-11-26 14:00","end":"2024-11-26 22:00","instant":false,"timeserieslabels":["Bearish Wedge"]},"id":"44QFAdvKtX","from_name":"label","to_name":"ts","type":"timeserieslabels","origin":"manual"}],"was_cancelled":false,"ground_truth":false,"created_at":"2025-12-10T20:23:15.408207Z","updated_at":"2025-12-10T20:23:15.408246Z","draft_created_at":null,"lead_time":3.368,"prediction":{},"result_count":1,"unique_id":"39e91d03-de96-4d0d-86fa-ee8b5d9c9f68","import_id":null,"last_action":null,"bulk_created":false,"task":113,"project":2,"updated_by":1,"parent_prediction":null,"parent_annotation":null,"last_created_by":null}],"file_upload":"ef3eb695-EURUSD_1H_053.csv","drafts":[],"predictions":[],"data":{"csv":"\/data\/upload\/2\/ef3eb695-EURUSD_1H_053.csv"},"meta":{},"created_at":"2025-12-10T20:22:30.189812Z","updated_at":"2025-12-10T20:23:15.657511Z","inner_id":53,"total_annotations":1,"cancelled_annotations":0,"total_predictions":0,"comment_count":0,"unresolved_comment_count":0,"last_comment_updated_at":null,"project":2,"updated_by":1,"comment_authors":[]},{"id":114,"annotations":[{"id":54,"completed_by":1,"result":[{"value":{"start":"2024-11-05 23:00","end":"2024-11-06 08:00","instant":false,"timeserieslabels":["Bearish Pennant"]},"id":"b0_AMC3hwa","from_name":"label","to_name":"ts","type":"timeserieslabels","origin":"manual"}],"was_cancelled":false,"ground_truth":false,"created_at":"2025-12-10T20:23:23.019213Z","updated_at":"2025-12-10T20:23:23.019261Z","draft_created_at":null,"lead_time":5.001,"prediction":{},"result_count":1,"unique_id":"c20d2aa5-346d-47cf-8618-6f8324378957","import_id":null,"last_action":null,"bulk_created":false,"task":114,"project":2,"updated_by":1,"parent_prediction":null,"parent_annotation":null,"last_created_by":null}],"file_upload":"ef170546-EURUSD_1H_054.csv","drafts":[],"predictions":[],"data":{"csv":"\/data\/upload\/2\/ef170546-EURUSD_1H_054.csv"},"meta":{},"created_at":"2025-12-10T20:22:30.189856Z","updated_at":"2025-12-10T20:23:23.297472Z","inner_id":54,"total_annotations":1,"cancelled_annotations":0,"total_predictions":0,"comment_count":0,"unresolved_comment_count":0,"last_comment_updated_at":null,"project":2,"updated_by":1,"comment_authors":[]},{"id":115,"annotations":[{"id":55,"completed_by":1,"result":[{"value":{"start":"2024-11-04 00:00","end":"2024-11-04 07:00","instant":false,"timeserieslabels":["Bullish Wedge"]},"id":"T1UJv1UuiF","from_name":"label","to_name":"ts","type":"timeserieslabels","origin":"manual"}],"was_cancelled":false,"ground_truth":false,"created_at":"2025-12-10T20:23:33.692017Z","updated_at":"2025-12-10T20:23:33.692047Z","draft_created_at":null,"lead_time":8.351,"prediction":{},"result_count":1,"unique_id":"6df6492c-7f7d-4d95-962f-d73f9c4764d9","import_id":null,"last_action":null,"bulk_created":false,"task":115,"project":2,"updated_by":1,"parent_prediction":null,"parent_annotation":null,"last_created_by":null}],"file_upload":"331dbb07-EURUSD_1H_055.csv","drafts":[],"predictions":[],"data":{"csv":"\/data\/upload\/2\/331dbb07-EURUSD_1H_055.csv"},"meta":{},"created_at":"2025-12-10T20:22:30.189902Z","updated_at":"2025-12-10T20:23:33.911233Z","inner_id":55,"total_annotations":1,"cancelled_annotations":0,"total_predictions":0,"comment_count":0,"unresolved_comment_count":0,"last_comment_updated_at":null,"project":2,"updated_by":1,"comment_authors":[]},{"id":116,"annotations":[{"id":56,"completed_by":1,"result":[{"value":{"start":"2024-09-27 13:00","end":"2024-09-27 19:00","instant":false,"timeserieslabels":["Bearish Normal"]},"id":"3r60Y23XBG","from_name":"label","to_name":"ts","type":"timeserieslabels","origin":"manual"}],"was_cancelled":false,"ground_truth":false,"created_at":"2025-12-10T20:23:42.763179Z","updated_at":"2025-12-10T20:23:42.763223Z","draft_created_at":null,"lead_time":6.806,"prediction":{},"result_count":1,"unique_id":"3199fb7d-4e20-47c5-bc6e-1a57eb582cc3","import_id":null,"last_action":null,"bulk_created":false,"task":116,"project":2,"updated_by":1,"parent_prediction":null,"parent_annotation":null,"last_created_by":null}],"file_upload":"528699c8-EURUSD_1H_056.csv","drafts":[],"predictions":[],"data":{"csv":"\/data\/upload\/2\/528699c8-EURUSD_1H_056.csv"},"meta":{},"created_at":"2025-12-10T20:22:30.189951Z","updated_at":"2025-12-10T20:23:42.994571Z","inner_id":56,"total_annotations":1,"cancelled_annotations":0,"total_predictions":0,"comment_count":0,"unresolved_comment_count":0,"last_comment_updated_at":null,"project":2,"updated_by":1,"comment_authors":[]},{"id":117,"annotations":[{"id":57,"completed_by":1,"result":[{"value":{"start":"2024-09-23 07:00","end":"2024-09-23 14:00","instant":false,"timeserieslabels":["Bearish Normal"]},"id":"bPl1GZVXUo","from_name":"label","to_name":"ts","type":"timeserieslabels","origin":"manual"}],"was_cancelled":false,"ground_truth":false,"created_at":"2025-12-10T20:23:50.819627Z","updated_at":"2025-12-10T20:23:50.819654Z","draft_created_at":null,"lead_time":5.414,"prediction":{},"result_count":1,"unique_id":"6c242c79-fe6c-44ba-9583-9bde4415f0df","import_id":null,"last_action":null,"bulk_created":false,"task":117,"project":2,"updated_by":1,"parent_prediction":null,"parent_annotation":null,"last_created_by":null}],"file_upload":"1c98fd5c-EURUSD_1H_057.csv","drafts":[],"predictions":[],"data":{"csv":"\/data\/upload\/2\/1c98fd5c-EURUSD_1H_057.csv"},"meta":{},"created_at":"2025-12-10T20:22:30.189996Z","updated_at":"2025-12-10T20:23:51.015063Z","inner_id":57,"total_annotations":1,"cancelled_annotations":0,"total_predictions":0,"comment_count":0,"unresolved_comment_count":0,"last_comment_updated_at":null,"project":2,"updated_by":1,"comment_authors":[]},{"id":118,"annotations":[{"id":58,"completed_by":1,"result":[{"value":{"start":"2024-09-11 12:00","end":"2024-09-11 18:00","instant":false,"timeserieslabels":["Bearish Normal"]},"id":"P3FayPQaVH","from_name":"label","to_name":"ts","type":"timeserieslabels","origin":"manual"}],"was_cancelled":false,"ground_truth":false,"created_at":"2025-12-10T20:23:56.826524Z","updated_at":"2025-12-10T20:23:56.826555Z","draft_created_at":null,"lead_time":3.91,"prediction":{},"result_count":1,"unique_id":"e4c739fa-4cc5-412e-a583-6da6a49c80b6","import_id":null,"last_action":null,"bulk_created":false,"task":118,"project":2,"updated_by":1,"parent_prediction":null,"parent_annotation":null,"last_created_by":null}],"file_upload":"a6d78967-EURUSD_1H_058.csv","drafts":[],"predictions":[],"data":{"csv":"\/data\/upload\/2\/a6d78967-EURUSD_1H_058.csv"},"meta":{},"created_at":"2025-12-10T20:22:30.190039Z","updated_at":"2025-12-10T20:23:57.024168Z","inner_id":58,"total_annotations":1,"cancelled_annotations":0,"total_predictions":0,"comment_count":0,"unresolved_comment_count":0,"last_comment_updated_at":null,"project":2,"updated_by":1,"comment_authors":[]},{"id":119,"annotations":[{"id":59,"completed_by":1,"result":[{"value":{"start":"2024-08-01 06:00","end":"2024-08-01 13:00","instant":false,"timeserieslabels":["Bearish Normal"]},"id":"Z4qHBM8PR6","from_name":"label","to_name":"ts","type":"timeserieslabels","origin":"manual"}],"was_cancelled":false,"ground_truth":false,"created_at":"2025-12-10T20:24:04.520523Z","updated_at":"2025-12-10T20:24:04.520785Z","draft_created_at":null,"lead_time":5.238,"prediction":{},"result_count":1,"unique_id":"bc529e87-5adc-48aa-ab5f-9c309383c985","import_id":null,"last_action":null,"bulk_created":false,"task":119,"project":2,"updated_by":1,"parent_prediction":null,"parent_annotation":null,"last_created_by":null}],"file_upload":"bbd76284-EURUSD_1H_059.csv","drafts":[],"predictions":[],"data":{"csv":"\/data\/upload\/2\/bbd76284-EURUSD_1H_059.csv"},"meta":{},"created_at":"2025-12-10T20:22:30.190086Z","updated_at":"2025-12-10T20:24:04.767331Z","inner_id":59,"total_annotations":1,"cancelled_annotations":0,"total_predictions":0,"comment_count":0,"unresolved_comment_count":0,"last_comment_updated_at":null,"project":2,"updated_by":1,"comment_authors":[]},{"id":120,"annotations":[{"id":60,"completed_by":1,"result":[{"value":{"start":"2024-07-17 08:00","end":"2024-07-17 17:00","instant":false,"timeserieslabels":["Bullish Wedge"]},"id":"Gxkx58q_hw","from_name":"label","to_name":"ts","type":"timeserieslabels","origin":"manual"}],"was_cancelled":false,"ground_truth":false,"created_at":"2025-12-10T20:24:12.213558Z","updated_at":"2025-12-10T20:24:12.213689Z","draft_created_at":null,"lead_time":5.134,"prediction":{},"result_count":1,"unique_id":"9a5d3e9e-9387-4266-a3c6-d32c3c3aa945","import_id":null,"last_action":null,"bulk_created":false,"task":120,"project":2,"updated_by":1,"parent_prediction":null,"parent_annotation":null,"last_created_by":null}],"file_upload":"37a05981-EURUSD_1H_060.csv","drafts":[],"predictions":[],"data":{"csv":"\/data\/upload\/2\/37a05981-EURUSD_1H_060.csv"},"meta":{},"created_at":"2025-12-10T20:22:30.190149Z","updated_at":"2025-12-10T20:24:12.488673Z","inner_id":60,"total_annotations":1,"cancelled_annotations":0,"total_predictions":0,"comment_count":0,"unresolved_comment_count":0,"last_comment_updated_at":null,"project":2,"updated_by":1,"comment_authors":[]}]