[{"id":1,"annotations":[{"id":1,"completed_by":1,"result":[{"value":{"start":"2004-02-29 16:00","end":"2004-03-05 10:15","instant":false,"timeserieslabels":["Bearish Wedge"]},"id":"uMusXnaBED","from_name":"label","to_name":"ts","type":"timeserieslabels","origin":"manual"},{"value":{"start":"2004-08-22 16:00","end":"2004-08-27 15:55","instant":false,"timeserieslabels":["Bearish Normal"]},"id":"3_aRmyxI4Q","from_name":"label","to_name":"ts","type":"timeserieslabels","origin":"manual"},{"value":{"start":"2008-03-23 11:00","end":"2008-03-31 10:00","instant":false,"timeserieslabels":["Bullish Normal"]},"id":"7uE51fqWT-","from_name":"label","to_name":"ts","type":"timeserieslabels","origin":"manual"},{"value":{"start":"2009-03-16 16:15","end":"2009-03-25 17:00","instant":false,"timeserieslabels":["Bullish Normal"]},"id":"_C6fOWljdc","from_name":"label","to_name":"ts","type":"timeserieslabels","origin":"manual"},{"value":{"start":"2008-08-05 00:05","end":"2008-08-14 00:50","instant":false,"timeserieslabels":["Bearish Normal"]},"id":"6x5sh4dTZB","from_name":"label","to_name":"ts","type":"timeserieslabels","origin":"manual"},{"value":{"start":"2006-04-05 14:20","end":"2006-04-14 15:10","instant":false,"timeserieslabels":["Bearish Wedge"]},"id":"jkt5SDdwYj","from_name":"label","to_name":"ts","type":"timeserieslabels","origin":"manual"},{"value":{"start":"2006-03-05 16:00","end":"2006-03-10 15:35","instant":false,"timeserieslabels":["Bearish Wedge"]},"id":"Rkj-ZwmJI9","from_name":"label","to_name":"ts","type":"timeserieslabels","origin":"manual"},{"value":{"start":"2006-01-02 18:00","end":"2006-01-11 07:55","instant":false,"timeserieslabels":["Bullish Normal"]},"id":"uSeBJGO__i","from_name":"label","to_name":"ts","type":"timeserieslabels","origin":"manual"},{"value":{"start":"2005-08-30 18:20","end":"2005-09-06 13:35","instant":false,"timeserieslabels":["Bullish Normal"]},"id":"fmjXWn7-yP","from_name":"label","to_name":"ts","type":"timeserieslabels","origin":"manual"},{"value":{"start":"2005-10-03 09:30","end":"2005-10-07 15:30","instant":false,"timeserieslabels":["Bullish Wedge"]},"id":"NqCIvZt3mm","from_name":"label","to_name":"ts","type":"timeserieslabels","origin":"manual"},{"value":{"start":"2005-12-11 16:00","end":"2005-12-18 23:05","instant":false,"timeserieslabels":["Bullish Wedge"]},"id":"d2pwGhdwTv","from_name":"label","to_name":"ts","type":"timeserieslabels","origin":"manual"},{"value":{"start":"2005-11-02 12:10","end":"2005-11-11 02:40","instant":false,"timeserieslabels":["Bearish Normal"]},"id":"p04S_k2JpN","from_name":"label","to_name":"ts","type":"timeserieslabels","origin":"manual"},{"value":{"start":"2003-09-28 16:15","end":"2003-10-02 16:50","instant":false,"timeserieslabels":["Bullish Normal"]},"id":"ax9pOdp_Ag","from_name":"label","to_name":"ts","type":"timeserieslabels","origin":"manual"},{"value":{"start":"2003-05-15 18:35","end":"2003-05-23 04:10","instant":false,"timeserieslabels":["Bullish Normal"]},"id":"RJGoklL2Q6","from_name":"label","to_name":"ts","type":"timeserieslabels","origin":"manual"},{"value":{"start":"2004-07-02 05:20","end":"2004-07-07 00:30","instant":false,"timeserieslabels":["Bullish Normal"]},"id":"YfUYKlR1MT","from_name":"label","to_name":"ts","type":"timeserieslabels","origin":"manual"},{"value":{"start":"2004-08-13 01:25","end":"2004-08-18 01:20","instant":false,"timeserieslabels":["Bullish Normal"]},"id":"z_kxwTNK-X","from_name":"label","to_name":"ts","type":"timeserieslabels","origin":"manual"},{"value":{"start":"2005-02-21 05:25","end":"2005-02-24 11:45","instant":false,"timeserieslabels":["Bullish Normal"]},"id":"6wVdkYA38r","from_name":"label","to_name":"ts","type":"timeserieslabels","origin":"manual"},{"value":{"start":"2006-07-16 16:00","end":"2006-07-19 06:15","instant":false,"timeserieslabels":["Bearish Normal"]},"id":"D4L3co9cUf","from_name":"label","to_name":"ts","type":"timeserieslabels","origin":"manual"},{"value":{"start":"2006-06-29 10:25","end":"2006-07-04 12:20","instant":false,"timeserieslabels":["Bullish Normal"]},"id":"6yDxltMay9","from_name":"label","to_name":"ts","type":"timeserieslabels","origin":"manual"},{"value":{"start":"2007-02-12 09:35","end":"2007-02-16 12:15","instant":false,"timeserieslabels":["Bullish Normal"]},"id":"jzjaanaSDY","from_name":"label","to_name":"ts","type":"timeserieslabels","origin":"manual"},{"value":{"start":"2007-08-12 17:30","end":"2007-08-17 04:55","instant":false,"timeserieslabels":["Bearish Normal"]},"id":"Qnph8p0IWA","from_name":"label","to_name":"ts","type":"timeserieslabels","origin":"manual"},{"value":{"start":"2007-12-30 16:50","end":"2008-01-02 02:55","instant":false,"timeserieslabels":["Bearish Normal"]},"id":"m4PBPECKp3","from_name":"label","to_name":"ts","type":"timeserieslabels","origin":"manual"},{"value":{"start":"2008-02-04 11:55","end":"2008-02-07 06:40","instant":false,"timeserieslabels":["Bearish Normal"]},"id":"KCFMT4UAJA","from_name":"label","to_name":"ts","type":"timeserieslabels","origin":"manual"},{"value":{"start":"2008-01-09 20:50","end":"2008-01-11 16:25","instant":false,"timeserieslabels":["Bullish Wedge"]},"id":"avCtu4mByK","from_name":"label","to_name":"ts","type":"timeserieslabels","origin":"manual"},{"value":{"start":"2008-07-03 03:40","end":"2008-07-04 16:55","instant":false,"timeserieslabels":["Bearish Wedge"]},"id":"XtKOVx_x0O","from_name":"label","to_name":"ts","type":"timeserieslabels","origin":"manual"},{"value":{"start":"2008-07-28 18:55","end":"2008-07-30 20:15","instant":false,"timeserieslabels":["Bearish Wedge"]},"id":"0MdzM2q8fM","from_name":"label","to_name":"ts","type":"timeserieslabels","origin":"manual"},{"value":{"start":"2009-09-08 00:40","end":"2009-09-09 17:20","instant":false,"timeserieslabels":["Bullish Normal"]},"id":"TTph7rXKgi","from_name":"label","to_name":"ts","type":"timeserieslabels","origin":"manual"}],"was_cancelled":false,"ground_truth":false,"created_at":"2025-10-30T08:13:14.966570Z","updated_at":"2025-10-30T08:13:14.966595Z","draft_created_at":"2025-10-30T07:54:14.153045Z","lead_time":37446.376,"prediction":{},"result_count":27,"unique_id":"3d0c7b82-fbb0-4c7e-9610-e9f878c11bb8","import_id":null,"last_action":null,"bulk_created":false,"task":1,"project":1,"updated_by":1,"parent_prediction":null,"parent_annotation":null,"last_created_by":null}],"file_upload":"b03fb1c7-EURUSD_5min_001.csv","drafts":[],"predictions":[],"data":{"csv":"\/data\/upload\/1\/b03fb1c7-EURUSD_5min_001.csv"},"meta":{},"created_at":"2025-10-29T21:47:27.315318Z","updated_at":"2025-10-30T08:13:15.282705Z","inner_id":1,"total_annotations":1,"cancelled_annotations":0,"total_predictions":0,"comment_count":0,"unresolved_comment_count":0,"last_comment_updated_at":null,"project":1,"updated_by":1,"comment_authors":[]},{"id":2,"annotations":[{"id":2,"completed_by":1,"result":[{"value":{"start":"2009-10-26 03:25","end":"2009-10-26 21:20","instant":false,"timeserieslabels":["Bearish Normal"]},"id":"6lXiGqDrWo","from_name":"label","to_name":"ts","type":"timeserieslabels","origin":"manual"},{"value":{"start":"2009-11-02 21:20","end":"2009-11-03 10:45","instant":false,"timeserieslabels":["Bearish Normal"]},"id":"8Gq0ru8wU7","from_name":"label","to_name":"ts","type":"timeserieslabels","origin":"manual"},{"value":{"start":"2009-12-16 14:00","end":"2009-12-17 09:05","instant":false,"timeserieslabels":["Bearish Normal"]},"id":"5V7ghu3DQk","from_name":"label","to_name":"ts","type":"timeserieslabels","origin":"manual"},{"value":{"start":"2010-01-04 00:25","end":"2010-01-04 16:05","instant":false,"timeserieslabels":["Bullish Wedge"]},"id":"yIxOIVMyAF","from_name":"label","to_name":"ts","type":"timeserieslabels","origin":"manual"},{"value":{"start":"2010-02-16 08:05","end":"2010-02-16 21:30","instant":false,"timeserieslabels":["Bullish Normal"]},"id":"sFa-C6jbjY","from_name":"label","to_name":"ts","type":"timeserieslabels","origin":"manual"},{"value":{"start":"2010-02-17 03:05","end":"2010-02-18 00:20","instant":false,"timeserieslabels":["Bearish Wedge"]},"id":"ViOBGmgpsr","from_name":"label","to_name":"ts","type":"timeserieslabels","origin":"manual"},{"value":{"start":"2010-03-04 04:20","end":"2010-03-04 21:05","instant":false,"timeserieslabels":["Bearish Normal"]},"id":"X-qQeF4S2e","from_name":"label","to_name":"ts","type":"timeserieslabels","origin":"manual"},{"value":{"start":"2010-12-13 01:10","end":"2010-12-13 22:25","instant":false,"timeserieslabels":["Bullish Pennant"]},"id":"6PK12mpCZu","from_name":"label","to_name":"ts","type":"timeserieslabels","origin":"manual"},{"value":{"start":"2011-01-13 02:55","end":"2011-01-13 22:00","instant":false,"timeserieslabels":["Bullish Normal"]},"id":"uL65HiUdPO","from_name":"label","to_name":"ts","type":"timeserieslabels","origin":"manual"},{"value":{"start":"2011-02-02 23:00","end":"2011-02-03 19:10","instant":false,"timeserieslabels":["Bearish Normal"]},"id":"0vc3eKbVI9","from_name":"label","to_name":"ts","type":"timeserieslabels","origin":"manual"},{"value":{"start":"2011-05-05 03:10","end":"2011-05-06 08:15","instant":false,"timeserieslabels":["Bearish Normal"]},"id":"cnB4xqVnVA","from_name":"label","to_name":"ts","type":"timeserieslabels","origin":"manual"},{"value":{"start":"2011-05-11 04:55","end":"2011-05-12 00:00","instant":false,"timeserieslabels":["Bearish Wedge"]},"id":"sZoeZ5d8M5","from_name":"label","to_name":"ts","type":"timeserieslabels","origin":"manual"},{"value":{"start":"2011-07-21 06:10","end":"2011-07-22 00:05","instant":false,"timeserieslabels":["Bullish Wedge"]},"id":"dWCYpggWck","from_name":"label","to_name":"ts","type":"timeserieslabels","origin":"manual"},{"value":{"start":"2011-07-25 17:40","end":"2011-07-26 17:15","instant":false,"timeserieslabels":["Bullish Normal"]},"id":"aXXgmFprEN","from_name":"label","to_name":"ts","type":"timeserieslabels","origin":"manual"},{"value":{"start":"2011-08-01 05:20","end":"2011-08-01 19:55","instant":false,"timeserieslabels":["Bearish Wedge"]},"id":"-SOnkJqUI6","from_name":"label","to_name":"ts","type":"timeserieslabels","origin":"manual"},{"value":{"start":"2011-08-15 06:20","end":"2011-08-15 22:00","instant":false,"timeserieslabels":["Bullish Pennant"]},"id":"WaGkrHq3Kd","from_name":"label","to_name":"ts","type":"timeserieslabels","origin":"manual"},{"value":{"start":"2011-11-30 04:10","end":"2011-11-30 20:55","instant":false,"timeserieslabels":["Bullish Wedge"]},"id":"BW5m4HenLe","from_name":"label","to_name":"ts","type":"timeserieslabels","origin":"manual"},{"value":{"start":"2011-12-28 04:35","end":"2011-12-28 22:30","instant":false,"timeserieslabels":["Bearish Wedge"]},"id":"UvCE7F2URW","from_name":"label","to_name":"ts","type":"timeserieslabels","origin":"manual"},{"value":{"start":"2012-01-13 02:45","end":"2012-01-13 16:55","instant":false,"timeserieslabels":["Bearish Pennant"]},"id":"8sY7XU1bKS","from_name":"label","to_name":"ts","type":"timeserieslabels","origin":"manual"},{"value":{"start":"2012-02-16 05:55","end":"2012-02-16 23:50","instant":false,"timeserieslabels":["Bullish Pennant"]},"id":"Q9pXAe1v7E","from_name":"label","to_name":"ts","type":"timeserieslabels","origin":"manual"},{"value":{"start":"2012-02-29 08:10","end":"2012-03-01 07:40","instant":false,"timeserieslabels":["Bearish Wedge"]},"id":"QkLUVkIIrk","from_name":"label","to_name":"ts","type":"timeserieslabels","origin":"manual"},{"value":{"start":"2012-03-29 10:45","end":"2012-03-30 15:55","instant":false,"timeserieslabels":["Bullish Wedge"]},"id":"bdOetss-v_","from_name":"label","to_name":"ts","type":"timeserieslabels","origin":"manual"},{"value":{"start":"2012-04-03 11:45","end":"2012-04-03 21:50","instant":false,"timeserieslabels":["Bearish Normal"]},"id":"Hu4BPFqeur","from_name":"label","to_name":"ts","type":"timeserieslabels","origin":"manual"},{"value":{"start":"2012-06-28 19:10","end":"2012-06-29 06:20","instant":false,"timeserieslabels":["Bullish Wedge"]},"id":"ef2yqWDH-T","from_name":"label","to_name":"ts","type":"timeserieslabels","origin":"manual"},{"value":{"start":"2012-06-21 05:40","end":"2012-06-22 08:35","instant":false,"timeserieslabels":["Bearish Wedge"]},"id":"ByV8KhPPd8","from_name":"label","to_name":"ts","type":"timeserieslabels","origin":"manual"},{"value":{"start":"2012-07-26 03:15","end":"2012-07-26 18:55","instant":false,"timeserieslabels":["Bullish Wedge"]},"id":"xz4RxEo9xM","from_name":"label","to_name":"ts","type":"timeserieslabels","origin":"manual"},{"value":{"start":"2012-07-05 03:15","end":"2012-07-05 17:50","instant":false,"timeserieslabels":["Bearish Normal"]},"id":"tL7ClN9ENM","from_name":"label","to_name":"ts","type":"timeserieslabels","origin":"manual"},{"value":{"start":"2012-09-19 17:35","end":"2012-09-20 10:25","instant":false,"timeserieslabels":["Bearish Normal"]},"id":"8pGg7Mw89g","from_name":"label","to_name":"ts","type":"timeserieslabels","origin":"manual"},{"value":{"start":"2012-12-06 05:20","end":"2012-12-06 23:15","instant":false,"timeserieslabels":["Bearish Wedge"]},"id":"tcCfoE1Gp3","from_name":"label","to_name":"ts","type":"timeserieslabels","origin":"manual"},{"value":{"start":"2013-01-09 22:50","end":"2013-01-11 05:00","instant":false,"timeserieslabels":["Bullish Normal"]},"id":"sZUr8PRWJ_","from_name":"label","to_name":"ts","type":"timeserieslabels","origin":"manual"},{"value":{"start":"2013-02-07 04:55","end":"2013-02-07 21:45","instant":false,"timeserieslabels":["Bearish Normal"]},"id":"V_5Qo6nlNM","from_name":"label","to_name":"ts","type":"timeserieslabels","origin":"manual"},{"value":{"start":"2013-03-25 04:50","end":"2013-03-26 03:15","instant":false,"timeserieslabels":["Bearish Normal"]},"id":"Sgo4ArC5Gt","from_name":"label","to_name":"ts","type":"timeserieslabels","origin":"manual"},{"value":{"start":"2013-04-16 03:45","end":"2013-04-16 23:55","instant":false,"timeserieslabels":["Bullish Normal"]},"id":"dmaADiPPlH","from_name":"label","to_name":"ts","type":"timeserieslabels","origin":"manual"},{"value":{"start":"2013-04-30 04:50","end":"2013-05-01 01:00","instant":false,"timeserieslabels":["Bullish Pennant"]},"id":"M8H00O4uOG","from_name":"label","to_name":"ts","type":"timeserieslabels","origin":"manual"},{"value":{"start":"2013-05-02 07:15","end":"2013-05-02 22:55","instant":false,"timeserieslabels":["Bearish Wedge"]},"id":"SsW65faka-","from_name":"label","to_name":"ts","type":"timeserieslabels","origin":"manual"},{"value":{"start":"2013-08-20 02:45","end":"2013-08-21 00:00","instant":false,"timeserieslabels":["Bullish Wedge"]},"id":"ZzbNoillhl","from_name":"label","to_name":"ts","type":"timeserieslabels","origin":"manual"},{"value":{"start":"2013-09-18 11:25","end":"2013-09-19 07:35","instant":false,"timeserieslabels":["Bullish Normal"]},"id":"vDKdZ723_S","from_name":"label","to_name":"ts","type":"timeserieslabels","origin":"manual"},{"value":{"start":"2013-10-22 02:40","end":"2013-10-23 02:10","instant":false,"timeserieslabels":["Bullish Normal"]},"id":"kLmQ66Y4JL","from_name":"label","to_name":"ts","type":"timeserieslabels","origin":"manual"},{"value":{"start":"2014-01-01 21:45","end":"2014-01-03 00:35","instant":false,"timeserieslabels":["Bearish Pennant"]},"id":"HMJ3Fm0S8s","from_name":"label","to_name":"ts","type":"timeserieslabels","origin":"manual"},{"value":{"start":"2014-01-30 00:05","end":"2014-01-31 03:00","instant":false,"timeserieslabels":["Bearish Normal"]},"id":"GAtBs-Unzc","from_name":"label","to_name":"ts","type":"timeserieslabels","origin":"manual"},{"value":{"start":"2014-02-28 01:30","end":"2014-02-28 15:55","instant":false,"timeserieslabels":["Bullish Pennant"]},"id":"mS5Nuu3Rmy","from_name":"label","to_name":"ts","type":"timeserieslabels","origin":"manual"},{"value":{"start":"2014-03-19 10:55","end":"2014-03-20 01:15","instant":false,"timeserieslabels":["Bearish Wedge"]},"id":"6CPPujez18","from_name":"label","to_name":"ts","type":"timeserieslabels","origin":"manual"},{"value":{"start":"2014-06-09 02:40","end":"2014-06-10 01:05","instant":false,"timeserieslabels":["Bearish Normal"]},"id":"2nuImH6x3H","from_name":"label","to_name":"ts","type":"timeserieslabels","origin":"manual"},{"value":{"start":"2014-07-03 04:15","end":"2014-07-03 23:25","instant":false,"timeserieslabels":["Bearish Normal"]},"id":"7TKHR7quQQ","from_name":"label","to_name":"ts","type":"timeserieslabels","origin":"manual"},{"value":{"start":"2014-09-04 01:45","end":"2014-09-05 09:45","instant":false,"timeserieslabels":["Bearish Normal"]},"id":"mfB88DNE7L","from_name":"label","to_name":"ts","type":"timeserieslabels","origin":"manual"},{"value":{"start":"2015-06-01 20:20","end":"2015-06-03 05:55","instant":false,"timeserieslabels":["Bullish Normal"]},"id":"H2hrQTrSY9","from_name":"label","to_name":"ts","type":"timeserieslabels","origin":"manual"},{"value":{"start":"2015-06-22 14:35","end":"2015-06-23 22:35","instant":false,"timeserieslabels":["Bearish Wedge"]},"id":"8DHkHTPZ37","from_name":"label","to_name":"ts","type":"timeserieslabels","origin":"manual"},{"value":{"start":"2015-09-03 03:30","end":"2015-09-04 03:30","instant":false,"timeserieslabels":["Bearish Wedge"]},"id":"0wQt6qQX0T","from_name":"label","to_name":"ts","type":"timeserieslabels","origin":"manual"},{"value":{"start":"2015-12-03 03:35","end":"2015-12-04 15:55","instant":false,"timeserieslabels":["Bullish Wedge"]},"id":"thWi4zpl5m","from_name":"label","to_name":"ts","type":"timeserieslabels","origin":"manual"},{"value":{"start":"2016-02-03 03:55","end":"2016-02-04 00:45","instant":false,"timeserieslabels":["Bullish Wedge"]},"id":"3ImYSXnj0c","from_name":"label","to_name":"ts","type":"timeserieslabels","origin":"manual"}],"was_cancelled":false,"ground_truth":false,"created_at":"2025-10-30T08:34:08.562683Z","updated_at":"2025-10-30T08:34:08.562730Z","draft_created_at":"2025-10-30T08:15:08.895299Z","lead_time":1196.238,"prediction":{},"result_count":50,"unique_id":"89d3ee92-94b6-4ffb-a6e3-c12cc2d7158b","import_id":null,"last_action":null,"bulk_created":false,"task":2,"project":1,"updated_by":1,"parent_prediction":null,"parent_annotation":null,"last_created_by":null}],"file_upload":"6f308989-EURUSD_5min_002.csv","drafts":[],"predictions":[],"data":{"csv":"\/data\/upload\/1\/6f308989-EURUSD_5min_002.csv"},"meta":{},"created_at":"2025-10-29T21:47:27.315567Z","updated_at":"2025-10-30T08:34:09.304320Z","inner_id":2,"total_annotations":1,"cancelled_annotations":0,"total_predictions":0,"comment_count":0,"unresolved_comment_count":0,"last_comment_updated_at":null,"project":1,"updated_by":1,"comment_authors":[]}]