[{"id":11752,"annotations":[{"id":680,"completed_by":6,"result":[{"value":{"start":"2020-03-17 05:00","end":"2020-03-18 16:00","instant":false,"timeserieslabels":["Bearish Normal"]},"id":"xnNVN0BjAo","from_name":"label","to_name":"ts","type":"timeserieslabels","origin":"manual"},{"value":{"start":"2020-03-09 01:00","end":"2020-03-09 20:00","instant":false,"timeserieslabels":["Bullish Pennant"]},"id":"bP9WGPHZaX","from_name":"label","to_name":"ts","type":"timeserieslabels","origin":"manual"},{"value":{"start":"2020-05-18 07:00","end":"2020-05-21 15:00","instant":false,"timeserieslabels":["Bullish Normal"]},"id":"MJqrGF-vKr","from_name":"label","to_name":"ts","type":"timeserieslabels","origin":"manual"},{"value":{"start":"2020-06-04 09:00","end":"2020-06-05 09:00","instant":false,"timeserieslabels":["Bullish Pennant"]},"id":"21AQSJ6i5N","from_name":"label","to_name":"ts","type":"timeserieslabels","origin":"manual"},{"value":{"start":"2020-06-12 07:00","end":"2020-06-14 22:00","instant":false,"timeserieslabels":["Bearish Wedge"]},"id":"THXFaNpEAS","from_name":"label","to_name":"ts","type":"timeserieslabels","origin":"manual"},{"value":{"start":"2021-03-04 14:00","end":"2021-03-08 19:00","instant":false,"timeserieslabels":["Bearish Pennant"]},"id":"b5djGMCwS2","from_name":"label","to_name":"ts","type":"timeserieslabels","origin":"manual"},{"value":{"start":"2021-03-17 16:00","end":"2021-03-18 07:00","instant":false,"timeserieslabels":["Bullish Wedge"]},"id":"03IK3ZmCKk","from_name":"label","to_name":"ts","type":"timeserieslabels","origin":"manual"},{"value":{"start":"2021-04-05 10:00","end":"2021-04-06 12:00","instant":false,"timeserieslabels":["Bullish Normal"]},"id":"G6ha8f7sNu","from_name":"label","to_name":"ts","type":"timeserieslabels","origin":"manual"},{"value":{"start":"2021-04-08 09:00","end":"2021-04-09 01:00","instant":false,"timeserieslabels":["Bullish Normal"]},"id":"i8t_Zw_808","from_name":"label","to_name":"ts","type":"timeserieslabels","origin":"manual"},{"value":{"start":"2021-04-06 14:00","end":"2021-04-07 14:00","instant":false,"timeserieslabels":["Bullish Normal"]},"id":"PEHkLAa80K","from_name":"label","to_name":"ts","type":"timeserieslabels","origin":"manual"},{"value":{"start":"2020-12-01 15:00","end":"2020-12-02 22:00","instant":false,"timeserieslabels":["Bullish Normal"]},"id":"lXA-mBSbHh","from_name":"label","to_name":"ts","type":"timeserieslabels","origin":"manual"},{"value":{"start":"2021-01-07 07:00","end":"2021-01-08 15:00","instant":false,"timeserieslabels":["Bearish Normal"]},"id":"EkQT_yGwCY","from_name":"label","to_name":"ts","type":"timeserieslabels","origin":"manual"},{"value":{"start":"2020-10-19 08:00","end":"2020-10-20 23:00","instant":false,"timeserieslabels":["Bullish Normal"]},"id":"flWLoNtJS7","from_name":"label","to_name":"ts","type":"timeserieslabels","origin":"manual"},{"value":{"start":"2020-08-19 15:00","end":"2020-08-21 06:00","instant":false,"timeserieslabels":["Bearish Wedge"]},"id":"hOaLr3z3s4","from_name":"label","to_name":"ts","type":"timeserieslabels","origin":"manual"},{"value":{"start":"2020-07-29 13:00","end":"2020-07-30 13:00","instant":false,"timeserieslabels":["Bullish Pennant"]},"id":"UxGxjv1vFZ","from_name":"label","to_name":"ts","type":"timeserieslabels","origin":"manual"},{"value":{"start":"2020-07-27 01:00","end":"2020-07-27 10:00","instant":false,"timeserieslabels":["Bullish Pennant"]},"id":"TW0HKVucH9","from_name":"label","to_name":"ts","type":"timeserieslabels","origin":"manual"},{"value":{"start":"2021-04-19 03:00","end":"2021-04-19 22:00","instant":false,"timeserieslabels":["Bullish Normal"]},"id":"CQkbxfSWu-","from_name":"label","to_name":"ts","type":"timeserieslabels","origin":"manual"},{"value":{"start":"2021-04-30 13:00","end":"2021-05-04 08:00","instant":false,"timeserieslabels":["Bearish Pennant"]},"id":"OXO68ADNvq","from_name":"label","to_name":"ts","type":"timeserieslabels","origin":"manual"},{"value":{"start":"2021-06-03 12:00","end":"2021-06-04 01:00","instant":false,"timeserieslabels":["Bearish Wedge"]},"id":"4KZoQFgMoN","from_name":"label","to_name":"ts","type":"timeserieslabels","origin":"manual"},{"value":{"start":"2021-05-18 06:00","end":"2021-05-18 17:00","instant":false,"timeserieslabels":["Bullish Pennant"]},"id":"2_k1rMMk4H","from_name":"label","to_name":"ts","type":"timeserieslabels","origin":"manual"},{"value":{"start":"2021-06-16 18:00","end":"2021-06-17 06:00","instant":false,"timeserieslabels":["Bearish Normal"]},"id":"ml_yD4CsU_","from_name":"label","to_name":"ts","type":"timeserieslabels","origin":"manual"},{"value":{"start":"2021-07-06 07:00","end":"2021-07-07 13:00","instant":false,"timeserieslabels":["Bearish Normal"]},"id":"snL4QL5quT","from_name":"label","to_name":"ts","type":"timeserieslabels","origin":"manual"},{"value":{"start":"2021-07-08 08:00","end":"2021-07-09 09:00","instant":false,"timeserieslabels":["Bullish Normal"]},"id":"3o6PsIUSix","from_name":"label","to_name":"ts","type":"timeserieslabels","origin":"manual"},{"value":{"start":"2021-07-28 19:00","end":"2021-07-29 09:00","instant":false,"timeserieslabels":["Bullish Pennant"]},"id":"c1KWp7YW9E","from_name":"label","to_name":"ts","type":"timeserieslabels","origin":"manual"},{"value":{"start":"2021-08-05 13:00","end":"2021-08-06 10:00","instant":false,"timeserieslabels":["Bearish Pennant"]},"id":"hufuTMG3j0","from_name":"label","to_name":"ts","type":"timeserieslabels","origin":"manual"},{"value":{"start":"2021-08-11 13:00","end":"2021-08-13 07:00","instant":false,"timeserieslabels":["Bullish Normal"]},"id":"rR4G9DMFtK","from_name":"label","to_name":"ts","type":"timeserieslabels","origin":"manual"},{"value":{"start":"2021-08-17 11:00","end":"2021-08-18 23:00","instant":false,"timeserieslabels":["Bearish Normal"]},"id":"UsSwABPhtH","from_name":"label","to_name":"ts","type":"timeserieslabels","origin":"manual"},{"value":{"start":"2021-09-29 05:00","end":"2021-10-06 01:00","instant":false,"timeserieslabels":["Bearish Wedge"]},"id":"l4Ojd91mOV","from_name":"label","to_name":"ts","type":"timeserieslabels","origin":"manual"},{"value":{"start":"2021-09-01 12:00","end":"2021-09-02 07:00","instant":false,"timeserieslabels":["Bullish Pennant"]},"id":"9jyulIxyQt","from_name":"label","to_name":"ts","type":"timeserieslabels","origin":"manual"},{"value":{"start":"2021-10-25 09:00","end":"2021-10-26 12:00","instant":false,"timeserieslabels":["Bearish Normal"]},"id":"glh8O7c9Sv","from_name":"label","to_name":"ts","type":"timeserieslabels","origin":"manual"},{"value":{"start":"2021-11-26 05:00","end":"2021-11-26 18:00","instant":false,"timeserieslabels":["Bullish Normal"]},"id":"xpTqcPFsyZ","from_name":"label","to_name":"ts","type":"timeserieslabels","origin":"manual"},{"value":{"start":"2021-12-15 19:00","end":"2021-12-16 12:00","instant":false,"timeserieslabels":["Bullish Normal"]},"id":"eAEhrjm53e","from_name":"label","to_name":"ts","type":"timeserieslabels","origin":"manual"},{"value":{"start":"2021-12-22 08:00","end":"2021-12-22 19:00","instant":false,"timeserieslabels":["Bullish Normal"]},"id":"JmpEWfydp5","from_name":"label","to_name":"ts","type":"timeserieslabels","origin":"manual"},{"value":{"start":"2021-12-31 08:00","end":"2021-12-31 12:00","instant":false,"timeserieslabels":["Bullish Pennant"]},"id":"cLRtwBo--U","from_name":"label","to_name":"ts","type":"timeserieslabels","origin":"manual"},{"value":{"start":"2021-12-29 13:00","end":"2021-12-29 20:00","instant":false,"timeserieslabels":["Bullish Normal"]},"id":"VVUnpEFPdp","from_name":"label","to_name":"ts","type":"timeserieslabels","origin":"manual"},{"value":{"start":"2022-01-03 14:00","end":"2022-01-04 10:00","instant":false,"timeserieslabels":["Bearish Normal"]},"id":"fQ5JYFMhga","from_name":"label","to_name":"ts","type":"timeserieslabels","origin":"manual"},{"value":{"start":"2022-01-12 13:00","end":"2022-01-13 07:00","instant":false,"timeserieslabels":["Bullish Normal"]},"id":"D8YU1qTaMY","from_name":"label","to_name":"ts","type":"timeserieslabels","origin":"manual"},{"value":{"start":"2022-01-18 13:00","end":"2022-01-20 15:00","instant":false,"timeserieslabels":["Bearish Pennant"]},"id":"newuPh9iNo","from_name":"label","to_name":"ts","type":"timeserieslabels","origin":"manual"},{"value":{"start":"2022-01-26 19:00","end":"2022-01-27 10:00","instant":false,"timeserieslabels":["Bearish Normal"]},"id":"THxmgqn3fH","from_name":"label","to_name":"ts","type":"timeserieslabels","origin":"manual"},{"value":{"start":"2022-02-03 13:00","end":"2022-02-04 02:00","instant":false,"timeserieslabels":["Bullish Normal"]},"id":"wEifFBCwGs","from_name":"label","to_name":"ts","type":"timeserieslabels","origin":"manual"},{"value":{"start":"2022-03-09 12:00","end":"2022-03-10 11:00","instant":false,"timeserieslabels":["Bullish Pennant"]},"id":"_jzAOSJEd5","from_name":"label","to_name":"ts","type":"timeserieslabels","origin":"manual"},{"value":{"start":"2022-03-10 13:00","end":"2022-03-11 14:00","instant":false,"timeserieslabels":["Bearish Normal"]},"id":"1e-08LVUl3","from_name":"label","to_name":"ts","type":"timeserieslabels","origin":"manual"},{"value":{"start":"2022-03-29 10:00","end":"2022-03-30 06:00","instant":false,"timeserieslabels":["Bullish Wedge"]},"id":"HVYvzXHQrH","from_name":"label","to_name":"ts","type":"timeserieslabels","origin":"manual"},{"value":{"start":"2022-04-27 11:00","end":"2022-04-28 02:00","instant":false,"timeserieslabels":["Bearish Normal"]},"id":"xSZWyEXjpS","from_name":"label","to_name":"ts","type":"timeserieslabels","origin":"manual"},{"value":{"start":"2022-05-17 06:00","end":"2022-05-19 11:00","instant":false,"timeserieslabels":["Bullish Normal"]},"id":"FaJZ5ksqem","from_name":"label","to_name":"ts","type":"timeserieslabels","origin":"manual"},{"value":{"start":"2022-06-09 14:00","end":"2022-06-10 09:00","instant":false,"timeserieslabels":["Bullish Wedge"]},"id":"ARsG-kPLZD","from_name":"label","to_name":"ts","type":"timeserieslabels","origin":"manual"},{"value":{"start":"2022-06-28 10:00","end":"2022-06-29 14:00","instant":false,"timeserieslabels":["Bearish Normal"]},"id":"8WYtlMYJhf","from_name":"label","to_name":"ts","type":"timeserieslabels","origin":"manual"},{"value":{"start":"2022-07-05 08:00","end":"2022-07-06 09:00","instant":false,"timeserieslabels":["Bearish Normal"]},"id":"jDih0wZz4g","from_name":"label","to_name":"ts","type":"timeserieslabels","origin":"manual"},{"value":{"start":"2022-07-21 14:00","end":"2022-07-22 08:00","instant":false,"timeserieslabels":["Bearish Wedge"]},"id":"H4mMS5IkNI","from_name":"label","to_name":"ts","type":"timeserieslabels","origin":"manual"},{"value":{"start":"2022-07-26 08:00","end":"2022-07-27 13:00","instant":false,"timeserieslabels":["Bearish Pennant"]},"id":"ZyN2BLFG_p","from_name":"label","to_name":"ts","type":"timeserieslabels","origin":"manual"},{"value":{"start":"2022-08-10 09:00","end":"2022-08-11 07:00","instant":false,"timeserieslabels":["Bullish Pennant"]},"id":"sn9tCeGfu9","from_name":"label","to_name":"ts","type":"timeserieslabels","origin":"manual"},{"value":{"start":"2022-09-07 14:00","end":"2022-09-08 23:00","instant":false,"timeserieslabels":["Bullish Normal"]},"id":"zP1iFgExln","from_name":"label","to_name":"ts","type":"timeserieslabels","origin":"manual"},{"value":{"start":"2022-09-28 11:00","end":"2022-09-29 12:00","instant":false,"timeserieslabels":["Bullish Pennant"]},"id":"iDtZE9WmCF","from_name":"label","to_name":"ts","type":"timeserieslabels","origin":"manual"},{"value":{"start":"2022-10-05 13:00","end":"2022-10-06 06:00","instant":false,"timeserieslabels":["Bearish Pennant"]},"id":"FNK2xQGo_g","from_name":"label","to_name":"ts","type":"timeserieslabels","origin":"manual"}],"was_cancelled":false,"ground_truth":false,"created_at":"2025-10-30T12:12:55.511170Z","updated_at":"2025-10-30T12:12:55.511181Z","draft_created_at":"2025-10-30T10:39:12.359304Z","lead_time":7067.409,"prediction":{},"result_count":54,"unique_id":"7dc05bc8-671b-4871-9786-8cd5c1afa291","import_id":null,"last_action":null,"bulk_created":false,"task":11752,"project":17,"updated_by":6,"parent_prediction":null,"parent_annotation":null,"last_created_by":null}],"file_upload":"7aec4c4f-EURUSD_1H_001.csv","drafts":[],"predictions":[],"data":{"csv":"\/data\/upload\/17\/7aec4c4f-EURUSD_1H_001.csv"},"meta":{},"created_at":"2025-10-30T10:04:57.586531Z","updated_at":"2025-10-30T12:12:55.537894Z","inner_id":3,"total_annotations":1,"cancelled_annotations":0,"total_predictions":0,"comment_count":0,"unresolved_comment_count":0,"last_comment_updated_at":null,"project":17,"updated_by":6,"comment_authors":[]}]